,query_article_link,top1,top2,top3,top4,top5,top6,top7,top8,top9,top10
0,/abs/2207.00003,/abs/2002.08930,/abs/2207.00003,/abs/1411.4491,/abs/2109.08901,/abs/2210.00706,/abs/2212.11254,/abs/1409.5241,/abs/1501.03952,/abs/2005.12544,/abs/2009.13939
1,/abs/2207.00005,/abs/2112.12533,/abs/2206.10596,/abs/2111.11208,/abs/2103.15486,/abs/2010.15277,/abs/2308.11677,/abs/2306.12646,/abs/2208.03767,/abs/2308.01746,/abs/1801.10112
2,/abs/2207.00008,/abs/2207.00008,/abs/2307.05275,/abs/1911.11976,/abs/2105.09461,/abs/2201.02803,/abs/1609.05339,/abs/1507.01206,/abs/2306.06452,/abs/2012.11195,/abs/2012.03426
3,/abs/1901.00001,/abs/1901.00001,/abs/2305.15608,/abs/2101.08418,/abs/2207.11234,/abs/2104.13395,/abs/2303.16435,/abs/2005.13180,/abs/2207.03513,/abs/2305.17349,/abs/2010.06932
4,/abs/1901.00003,/abs/1805.11025,/abs/2105.14517,/abs/2003.14034,/abs/2302.11097,/abs/2308.02823,/abs/1711.06821,/abs/2105.04165,/abs/2104.05832,/abs/2109.01934,/abs/2310.12557
5,/abs/1901.00004,/abs/1901.06907,/abs/2009.08582,/abs/1904.02131,/abs/2105.05807,/abs/1801.05768,/abs/1902.09512,/abs/1606.08828,/abs/1901.00004,/abs/1112.2762,/abs/2001.03843
6,/abs/1901.00035,/abs/1901.00035,/abs/2311.04015,/abs/2006.14798,/abs/2006.05103,/abs/2205.14056,/abs/2208.09872,/abs/1711.03440,/abs/2309.15244,/abs/2006.14076,/abs/2103.01499
7,/abs/1901.00039,/abs/1907.02724,/abs/2003.13759,/abs/2010.12141,/abs/1903.11249,/abs/2211.06835,/abs/2001.01786,/abs/2209.07271,/abs/1906.09707,/abs/1907.02198,/abs/1612.00220
8,/abs/2005.00033,/abs/2006.08830,/abs/2204.03506,/abs/2007.07996,/abs/2211.11495,/abs/2104.10864,/abs/2005.05710,/abs/2011.14146,/abs/2005.08820,/abs/2109.06533,/abs/2006.04278
9,/abs/2005.00036,/abs/2010.03369,/abs/2005.00036,/abs/2310.18168,/abs/2004.07672,/abs/2311.04892,/abs/2311.09718,/abs/2111.15093,/abs/2310.05280,/abs/2305.11482,/abs/2306.08126
10,/abs/2005.00038,/abs/2005.00038,/abs/2004.04906,/abs/2203.08928,/abs/2007.00814,/abs/2112.07708,/abs/1906.06606,/abs/2109.11085,/abs/2204.00266,/abs/2012.09766,/abs/2106.08433
11,/abs/2005.00042,/abs/cs/0701072,/abs/2005.00042,/abs/2110.15062,/abs/2109.02320,/abs/cs/0102002,/abs/cs/0008007,/abs/1304.1636,/abs/2104.04434,/abs/1706.05985,/abs/2310.11780
12,/abs/2005.00043,/abs/2005.00043,/abs/2103.04226,/abs/2004.03178,/abs/2006.03930,/abs/2101.10198,/abs/1510.01861,/abs/1907.08849,/abs/1701.04525,/abs/1605.09641,/abs/1611.01377
13,/abs/2005.00044,/abs/2005.00044,/abs/2104.12425,/abs/1901.06491,/abs/1207.0140,/abs/1503.03653,/abs/2006.16284,/abs/2008.02352,/abs/2006.04777,/abs/1404.2019,/abs/1705.09701
14,/abs/2005.00048,/abs/2211.07712,/abs/2201.05273,/abs/2203.03047,/abs/2105.10311,/abs/1905.01984,/abs/2005.00048,/abs/1803.07133,/abs/2112.11739,/abs/2004.02211,/abs/2011.07347
15,/abs/2005.00050,/abs/2005.06602,/abs/2005.00050,/abs/2005.09946,/abs/2007.05618,/abs/2010.00857,/abs/2007.11464,/abs/2012.00004,/abs/2001.07786,/abs/2310.10400,/abs/2106.03111
16,/abs/2005.00051,/abs/2009.08816,/abs/2005.00051,/abs/1812.02936,/abs/2011.05896,/abs/2310.01729,/abs/2307.00221,/abs/2205.10077,/abs/2208.02330,/abs/1801.04882,/abs/2311.08325
17,/abs/2212.00004,/abs/2304.05462,/abs/2307.04604,/abs/2106.07448,/abs/1704.04982,/abs/2212.00004,/abs/2205.04802,/abs/2206.09432,/abs/2206.10254,/abs/2307.02211,/abs/2103.02313
18,/abs/2212.00006,/abs/1005.2882,/abs/2205.08524,/abs/2212.00006,/abs/2302.09185,/abs/1902.00397,/abs/2104.11069,/abs/1608.03181,/abs/2309.03554,/abs/2310.00338,/abs/2301.08665
19,/abs/2212.00009,/abs/2207.12054,/abs/2110.12489,/abs/2308.09003,/abs/2204.02618,/abs/2309.17100,/abs/2004.07194,/abs/2306.01509,/abs/2009.07237,/abs/2106.03018,/abs/2103.11561
20,/abs/2212.00013,/abs/2311.03711,/abs/2012.06555,/abs/1801.01290,/abs/2001.02811,/abs/2110.09712,/abs/2306.16750,/abs/2306.06402,/abs/1606.09152,/abs/2109.11788,/abs/2104.04424
21,/abs/2004.00006,/abs/2004.00006,/abs/1906.03799,/abs/2106.15280,/abs/2106.13090,/abs/2301.06143,/abs/2211.03928,/abs/2202.09206,/abs/2005.08000,/abs/1809.07558,/abs/1910.08812
22,/abs/2004.00010,/abs/1908.10530,/abs/2104.01987,/abs/2109.10528,/abs/1911.12060,/abs/2110.06412,/abs/1805.06530,/abs/1808.00087,/abs/2103.08721,/abs/2004.00010,/abs/2210.17520
23,/abs/2004.00033,/abs/2307.05083,/abs/2310.12864,/abs/1905.06638,/abs/2307.14134,/abs/2304.06148,/abs/1704.08352,/abs/1508.02096,/abs/1910.03806,/abs/2208.11194,/abs/2111.07148
24,/abs/2004.00034,/abs/2004.00034,/abs/2012.08849,/abs/1910.01586,/abs/2306.09690,/abs/2004.01532,/abs/1809.05837,/abs/2302.05172,/abs/1806.04236,/abs/2111.04461,/abs/2003.10886
25,/abs/2004.00048,/abs/2004.00048,/abs/2009.08403,/abs/2110.00438,/abs/2105.07960,/abs/2306.09961,/abs/2211.11260,/abs/2305.07571,/abs/1805.01141,/abs/1905.09492,/abs/1106.0221
26,/abs/2004.00049,/abs/2101.05278,/abs/2004.00049,/abs/2309.13956,/abs/2107.13812,/abs/2108.08998,/abs/2207.08134,/abs/2307.15033,/abs/2202.02183,/abs/2305.10884,/abs/2306.00241
27,/abs/2004.00050,/abs/2004.00050,/abs/2204.13979,/abs/2104.13559,/abs/1809.01574,/abs/2306.08999,/abs/2003.08385,/abs/2204.03839,/abs/2309.13734,/abs/1706.06894,/abs/2212.06543
28,/abs/2004.00053,/abs/2004.00053,/abs/2106.11384,/abs/2105.07615,/abs/2310.09130,/abs/2310.06816,/abs/1910.08902,/abs/2311.00115,/abs/2203.09553,/abs/2010.11947,/abs/2112.02557
29,/abs/2206.00007,/abs/1808.01552,/abs/1802.00386,/abs/2106.15802,/abs/2306.07292,/abs/2302.11774,/abs/2108.06228,/abs/1912.08197,/abs/2201.09760,/abs/2305.05257,/abs/2304.14343
30,/abs/2206.00026,/abs/1904.05334,/abs/2206.00026,/abs/2112.03074,/abs/2209.05725,/abs/2311.02636,/abs/2206.03635,/abs/2309.07908,/abs/1501.00182,/abs/1705.01049,/abs/2309.02464
31,/abs/2206.00047,/abs/2004.01377,/abs/2301.05225,/abs/2102.05082,/abs/2206.00047,/abs/2205.13913,/abs/2305.15889,/abs/2303.13297,/abs/2103.16050,/abs/2111.13733,/abs/2108.02888
32,/abs/2206.00048,/abs/2103.04379,/abs/2112.00854,/abs/2301.04604,/abs/2204.04950,/abs/1802.02226,/abs/2305.14551,/abs/2011.14107,/abs/1812.01161,/abs/2205.13182,/abs/2207.08134
33,/abs/2204.00003,/abs/1811.03264,/abs/2004.12611,/abs/1809.04704,/abs/1801.01454,/abs/2105.11352,/abs/1604.00409,/abs/2206.03430,/abs/1907.04096,/abs/2012.02899,/abs/1810.03758
34,/abs/2204.00032,/abs/2204.05986,/abs/2002.10234,/abs/2004.07401,/abs/2202.02510,/abs/2006.12557,/abs/2110.08932,/abs/2303.03592,/abs/2303.12589,/abs/1811.03728,/abs/2104.09667
35,/abs/1902.00006,/abs/2104.13299,/abs/1909.09065,/abs/1910.13503,/abs/2201.11569,/abs/2303.00934,/abs/2007.09028,/abs/2310.04557,/abs/2207.06897,/abs/2302.03460,/abs/2303.17707
36,/abs/1902.00009,/abs/1711.06518,/abs/2208.05008,/abs/cs/0106017,/abs/1807.04998,/abs/1511.02566,/abs/1803.09536,/abs/cs/0106030,/abs/1510.07439,/abs/1002.2415,/abs/2005.08517
37,/abs/1902.00014,/abs/1902.00014,/abs/1911.07229,/abs/1611.02453,/abs/1804.07805,/abs/2007.01610,/abs/1911.11359,/abs/2107.05285,/abs/1312.5914,/abs/2107.05369,/abs/1809.00134
38,/abs/1902.00031,/abs/1902.00031,/abs/2210.03768,/abs/2203.07376,/abs/2011.04151,/abs/2201.04868,/abs/2208.10099,/abs/cmp-lg/9503016,/abs/1906.08990,/abs/0909.1786,/abs/2007.15280
39,/abs/1902.00033,/abs/2002.10821,/abs/2302.05259,/abs/2306.11251,/abs/2007.09951,/abs/2207.01928,/abs/2004.13981,/abs/1907.11126,/abs/2302.10130,/abs/2211.04738,/abs/2303.15447
40,/abs/1902.00038,/abs/1902.00038,/abs/1705.06676,/abs/2007.13262,/abs/1907.09815,/abs/1606.01847,/abs/1708.01471,/abs/1808.02632,/abs/2104.14085,/abs/1703.09684,/abs/1806.07243
41,/abs/2006.00031,/abs/2305.08146,/abs/2107.05132,/abs/2006.00031,/abs/2206.11815,/abs/2209.08236,/abs/1205.5407,/abs/2106.04102,/abs/2006.14939,/abs/1811.07021,/abs/2111.12174
42,/abs/2006.00037,/abs/1603.02729,/abs/2207.00254,/abs/2309.10620,/abs/1602.04981,/abs/2009.09696,/abs/2310.09892,/abs/1910.02130,/abs/1604.03670,/abs/2209.12427,/abs/2211.16721
43,/abs/2006.00044,/abs/2111.11714,/abs/2304.10180,/abs/2201.05415,/abs/1610.01953,/abs/2006.00044,/abs/2308.03478,/abs/1908.04133,/abs/1905.11701,/abs/1806.10906,/abs/2207.13419
44,/abs/2006.00046,/abs/2003.08567,/abs/2005.10187,/abs/2010.03232,/abs/2006.00046,/abs/2004.12576,/abs/2005.05625,/abs/2007.02806,/abs/2108.02008,/abs/2012.06466,/abs/2006.00529
45,/abs/2006.00048,/abs/2006.00048,/abs/2109.07281,/abs/1411.1922,/abs/1904.04750,/abs/1907.10312,/abs/1606.03511,/abs/2109.11435,/abs/1904.09972,/abs/2004.04389,/abs/1505.06701
46,/abs/2211.00005,/abs/2307.16895,/abs/2211.06233,/abs/2305.14872,/abs/1304.3855,/abs/1304.3848,/abs/2210.16049,/abs/1304.3857,/abs/1206.3959,/abs/2107.03342,/abs/1211.3010
47,/abs/2211.00006,/abs/1710.06291,/abs/1909.01421,/abs/1704.03520,/abs/2211.00006,/abs/1903.03993,/abs/2202.07941,/abs/2103.16956,/abs/2211.04338,/abs/2106.14830,/abs/1212.6383
48,/abs/2211.00007,/abs/2008.01302,/abs/2008.11852,/abs/2007.08343,/abs/2307.01316,/abs/2101.01993,/abs/2306.11217,/abs/2110.11573,/abs/2302.06370,/abs/2209.11082,/abs/2309.09756
49,/abs/2211.00053,/abs/2211.00053,/abs/2301.11479,/abs/1805.04276,/abs/1909.13788,/abs/2303.17651,/abs/2306.05426,/abs/2007.06018,/abs/2205.00167,/abs/2004.07534,/abs/2106.04985
50,/abs/2211.00057,/abs/2309.11829,/abs/1707.07029,/abs/1112.1688,/abs/2307.09704,/abs/1707.00599,/abs/2106.09399,/abs/1401.2134,/abs/1701.06427,/abs/0811.2519,/abs/2211.07284
51,/abs/2210.00008,/abs/2310.11597,/abs/2206.06761,/abs/2301.13356,/abs/2308.15663,/abs/2111.05464,/abs/2305.10862,/abs/2206.12381,/abs/2206.08477,/abs/2303.13372,/abs/2210.07540
52,/abs/2007.00024,/abs/2007.00024,/abs/2211.01258,/abs/1906.05392,/abs/2201.02177,/abs/1712.09936,/abs/2005.12743,/abs/1907.08544,/abs/1809.01465,/abs/2203.10736,/abs/2301.00335
53,/abs/2007.00028,/abs/2007.00028,/abs/2303.01135,/abs/1604.00151,/abs/2202.13441,/abs/2003.10162,/abs/2303.10758,/abs/2002.02835,/abs/2212.01848,/abs/2006.04340,/abs/2208.02789
54,/abs/2007.00045,/abs/1901.09643,/abs/2007.11954,/abs/1412.4186,/abs/1401.0116,/abs/1304.1391,/abs/2308.11579,/abs/2210.08585,/abs/1805.04018,/abs/2007.08233,/abs/1603.01374
55,/abs/1903.00001,/abs/1903.00001,/abs/1902.07323,/abs/2008.02957,/abs/1707.08401,/abs/2210.13668,/abs/1808.10646,/abs/2101.07945,/abs/2206.10096,/abs/2005.11926,/abs/1802.06865
56,/abs/1903.00027,/abs/2011.09294,/abs/2203.01075,/abs/2110.04686,/abs/2303.02182,/abs/2007.02622,/abs/1806.01825,/abs/2006.00979,/abs/1912.12482,/abs/2206.01626,/abs/2210.07432
57,/abs/1903.00036,/abs/2310.09735,/abs/1903.00036,/abs/1705.08506,/abs/2108.12307,/abs/2208.00861,/abs/2310.09733,/abs/1909.10488,/abs/2211.15346,/abs/2103.11393,/abs/1903.07674
58,/abs/1903.00041,/abs/1905.05816,/abs/2203.13867,/abs/2004.05757,/abs/2010.04505,/abs/2103.11088,/abs/1903.00041,/abs/2011.06188,/abs/1811.00739,/abs/1802.06003,/abs/2004.03672
59,/abs/1903.00045,/abs/1909.02061,/abs/1903.00045,/abs/1709.06622,/abs/1606.04487,/abs/1801.09805,/abs/1806.01427,/abs/2205.02473,/abs/2306.10598,/abs/2108.06322,/abs/2301.08897
60,/abs/1903.00058,/abs/2109.09991,/abs/1808.08493,/abs/1905.05816,/abs/2109.11136,/abs/1412.6650,/abs/1903.00041,/abs/1604.02201,/abs/1808.04189,/abs/2210.14979,/abs/1811.01137
61,/abs/2205.00029,/abs/1811.07631,/abs/2204.08426,/abs/1606.01541,/abs/1804.06512,/abs/2212.14117,/abs/2210.14379,/abs/1906.00549,/abs/2302.10850,/abs/2108.01487,/abs/2205.12662
62,/abs/2201.00006,/abs/1705.02755,/abs/2211.12956,/abs/2210.00645,/abs/2201.00006,/abs/2210.08445,/abs/2210.02612,/abs/2109.00937,/abs/1905.07698,/abs/2112.02336,/abs/1901.00960
63,/abs/2201.00011,/abs/2011.02367,/abs/2008.07948,/abs/2205.00706,/abs/2306.14443,/abs/2205.11440,/abs/2309.09381,/abs/2102.02514,/abs/2012.00632,/abs/2112.12371,/abs/2106.03097
64,/abs/1907.00039,/abs/1907.00039,/abs/2006.02747,/abs/1910.11625,/abs/1907.04877,/abs/1907.00198,/abs/2103.06085,/abs/2106.02405,/abs/2109.06967,/abs/2212.06415,/abs/2112.05844
65,/abs/2003.00003,/abs/1408.2824,/abs/1902.02609,/abs/2109.07634,/abs/1909.06535,/abs/2102.02659,/abs/1912.06487,/abs/2203.14684,/abs/2003.06197,/abs/2203.10765,/abs/1903.03285
66,/abs/2003.00010,/abs/2205.12173,/abs/2108.06658,/abs/2110.01595,/abs/2208.11879,/abs/2103.02860,/abs/2311.04611,/abs/1909.04532,/abs/1905.03853,/abs/2302.01772,/abs/1802.07928
67,/abs/2003.00030,/abs/2003.00030,/abs/2005.08068,/abs/1909.04115,/abs/2002.04014,/abs/1905.11041,/abs/2002.11833,/abs/1710.11198,/abs/2110.07985,/abs/1301.3966,/abs/1802.10031
68,/abs/2003.00032,/abs/2003.00032,/abs/1808.10717,/abs/2207.05678,/abs/1907.07761,/abs/2302.10006,/abs/1812.11838,/abs/1810.10443,/abs/1412.1156,/abs/1612.06668,/abs/2107.07296
69,/abs/2003.00040,/abs/2306.08313,/abs/2204.08615,/abs/2103.12399,/abs/2006.16469,/abs/2210.05929,/abs/2307.07328,/abs/2208.10224,/abs/1911.08040,/abs/2302.11408,/abs/2302.13851
70,/abs/2003.00045,/abs/1907.04527,/abs/2003.00045,/abs/2005.12574,/abs/1908.11431,/abs/1905.03593,/abs/2303.09177,/abs/2007.14130,/abs/2103.13547,/abs/2106.01885,/abs/1510.06988
71,/abs/2003.00052,/abs/1712.06584,/abs/2106.06313,/abs/2202.07228,/abs/1904.10506,/abs/2306.17651,/abs/2003.00052,/abs/2205.04087,/abs/1908.06544,/abs/1908.00439,/abs/2304.09502
72,/abs/2003.00054,/abs/2003.00054,/abs/2003.04074,/abs/1308.0514,/abs/1208.4166,/abs/1401.2101,/abs/1307.0191,/abs/2209.06977,/abs/2005.01393,/abs/2205.11660,/abs/1806.04761
73,/abs/2003.00056,/abs/1406.2426,/abs/2003.00056,/abs/1010.4247,/abs/1606.01543,/abs/1210.4007,/abs/2202.00516,/abs/2105.07233,/abs/1708.06810,/abs/1507.04027,/abs/1101.1703
74,/abs/2011.00032,/abs/2303.02386,/abs/2202.12399,/abs/2309.01898,/abs/2204.07846,/abs/2212.14199,/abs/2011.00032,/abs/2106.03307,/abs/2112.08516,/abs/1903.08327,/abs/2001.10629
75,/abs/2011.00033,/abs/2011.00033,/abs/2307.01377,/abs/2307.01381,/abs/2307.03354,/abs/2310.14806,/abs/2310.14883,/abs/2107.00279,/abs/2005.11861,/abs/2101.09149,/abs/2204.05352
76,/abs/2011.00043,/abs/2011.00043,/abs/1801.07481,/abs/2003.00809,/abs/2304.02187,/abs/1402.5047,/abs/2010.06362,/abs/1808.09568,/abs/2307.12241,/abs/1912.04523,/abs/2003.13401
77,/abs/2010.00052,/abs/2210.02038,/abs/2010.00052,/abs/2211.01941,/abs/2005.11052,/abs/2308.04000,/abs/2212.02077,/abs/2109.09903,/abs/2202.11431,/abs/2207.05043,/abs/2010.07820
78,/abs/2010.00055,/abs/2003.00824,/abs/2111.04006,/abs/1805.02855,/abs/2111.00970,/abs/2304.13865,/abs/2306.17624,/abs/1810.12091,/abs/2001.11101,/abs/2201.10489,/abs/2103.00483
79,/abs/2010.00058,/abs/2202.13220,/abs/2107.07596,/abs/2103.02396,/abs/1606.08315,/abs/1910.01765,/abs/2003.09763,/abs/2003.06620,/abs/2307.10519,/abs/2111.08600,/abs/2106.02022
80,/abs/2002.00008,/abs/2305.07000,/abs/1711.05102,/abs/2110.00985,/abs/1912.13480,/abs/1910.08964,/abs/2204.10957,/abs/2002.00008,/abs/1709.09082,/abs/1203.1792,/abs/2011.06208
81,/abs/2002.00009,/abs/cs/0304040,/abs/1405.0915,/abs/1302.6817,/abs/1304.2341,/abs/1301.6691,/abs/1304.2727,/abs/1304.2352,/abs/1807.06091,/abs/2211.06751,/abs/1303.5401
82,/abs/2002.00027,/abs/2002.00027,/abs/2001.11846,/abs/1909.09227,/abs/2309.07716,/abs/2102.08597,/abs/2310.07612,/abs/2301.00007,/abs/2101.06166,/abs/1805.07159,/abs/2009.04083
83,/abs/1906.00025,/abs/1906.00025,/abs/2002.07348,/abs/2102.11077,/abs/2103.03757,/abs/2212.00772,/abs/1706.02645,/abs/1406.5383,/abs/1502.01664,/abs/1803.02222,/abs/1311.4803
84,/abs/1906.00029,/abs/1302.5122,/abs/1509.01662,/abs/1407.7277,/abs/2310.12706,/abs/1906.00029,/abs/1304.6584,/abs/1905.08199,/abs/0909.2367,/abs/1512.05814,/abs/2303.09150
85,/abs/1906.00038,/abs/2001.01037,/abs/2310.08537,/abs/2307.10504,/abs/2011.12854,/abs/2310.15368,/abs/2211.04971,/abs/2206.13413,/abs/2206.09753,/abs/2106.11054,/abs/2209.11990
86,/abs/1906.00041,/abs/1906.00041,/abs/2005.09207,/abs/2305.00366,/abs/2203.14278,/abs/1706.02427,/abs/2008.10856,/abs/2105.02584,/abs/2102.09460,/abs/2106.07258,/abs/2205.09843
87,/abs/2202.00004,/abs/2202.00004,/abs/2203.13410,/abs/2112.09183,/abs/1304.8069,/abs/1503.07463,/abs/1507.02015,/abs/2306.11613,/abs/2104.11819,/abs/1004.3412,/abs/2110.03755
88,/abs/2202.00005,/abs/2208.08674,/abs/2107.13374,/abs/1803.07009,/abs/2207.10510,/abs/1904.08394,/abs/1909.07568,/abs/2204.10282,/abs/2001.07077,/abs/1701.01090,/abs/2212.09149
89,/abs/2202.00047,/abs/2202.00047,/abs/2308.07557,/abs/2308.13015,/abs/2103.03996,/abs/2309.15723,/abs/2304.08366,/abs/2306.17498,/abs/2107.00938,/abs/2010.09975,/abs/2310.04529
90,/abs/1904.00001,/abs/1703.05298,/abs/2111.14142,/abs/2112.12054,/abs/1207.4676,/abs/1906.01998,/abs/1208.4429,/abs/2102.07952,/abs/2108.02497,/abs/1904.03257,/abs/2201.00355
91,/abs/1904.00003,/abs/1904.00003,/abs/1604.07096,/abs/1912.01122,/abs/2102.11235,/abs/2111.01778,/abs/1903.04081,/abs/1611.08351,/abs/2001.08777,/abs/1807.08465,/abs/2201.13064
92,/abs/1904.00004,/abs/1904.00004,/abs/1804.01498,/abs/2002.12069,/abs/2202.00396,/abs/1611.08981,/abs/2206.08786,/abs/2004.02793,/abs/1710.07087,/abs/1508.06686,/abs/2011.02924
93,/abs/1904.00035,/abs/1807.00412,/abs/1712.04363,/abs/2209.02106,/abs/1906.08662,/abs/2007.08343,/abs/1909.11538,/abs/1901.01536,/abs/2306.11217,/abs/2303.11634,/abs/2002.02667
94,/abs/2012.00004,/abs/2005.06602,/abs/2007.11464,/abs/2005.09946,/abs/2010.00857,/abs/2005.00050,/abs/2001.07786,/abs/2012.00004,/abs/2106.03111,/abs/2007.05618,/abs/2004.13703
95,/abs/2012.00012,/abs/2306.05556,/abs/2212.03297,/abs/2310.10707,/abs/1908.07831,/abs/2310.14863,/abs/2005.08417,/abs/2205.13119,/abs/2007.02244,/abs/2203.10940,/abs/2002.12854
96,/abs/2012.00050,/abs/2012.00050,/abs/2010.04406,/abs/2004.03244,/abs/1504.04297,/abs/1804.11043,/abs/1611.10316,/abs/1805.02514,/abs/2009.13701,/abs/1407.7448,/abs/2305.02244
97,/abs/2012.00052,/abs/2012.00052,/abs/2305.14806,/abs/2205.10192,/abs/2207.00939,/abs/1801.08991,/abs/2303.17826,/abs/2210.12688,/abs/2106.00130,/abs/2101.03553,/abs/2310.00785
98,/abs/2012.00053,/abs/1910.02130,/abs/2012.00053,/abs/1603.02729,/abs/2310.09892,/abs/2009.09696,/abs/1606.05124,/abs/2309.10620,/abs/2209.01258,/abs/2207.00254,/abs/2303.03155
99,/abs/2012.00056,/abs/0907.0785,/abs/2212.14464,/abs/1105.4255,/abs/1310.3808,/abs/1504.04596,/abs/1609.06568,/abs/1507.08198,/abs/2105.10075,/abs/cs/0610004,/abs/1704.01599
100,/abs/2001.00003,/abs/2109.07230,/abs/2001.00003,/abs/1511.05392,/abs/1807.07187,/abs/1608.00778,/abs/2004.09219,/abs/1905.03329,/abs/2008.11649,/abs/1909.07940,/abs/1912.02280
101,/abs/2001.00004,/abs/2001.00004,/abs/1302.3946,/abs/1303.1912,/abs/1204.0897,/abs/2001.07061,/abs/2201.05113,/abs/2010.14752,/abs/1602.06708,/abs/0904.1002,/abs/1307.0531
102,/abs/2001.00006,/abs/1909.03550,/abs/2210.11113,/abs/2210.09371,/abs/1906.01820,/abs/2210.10101,/abs/1703.02629,/abs/2010.04786,/abs/1802.08246,/abs/2001.09532,/abs/2212.05149
103,/abs/2001.00046,/abs/2308.01768,/abs/2301.05937,/abs/2001.00046,/abs/2203.16338,/abs/2206.03832,/abs/2007.15589,/abs/2007.06631,/abs/1708.09165,/abs/2210.03961,/abs/1407.3124
104,/abs/2001.00048,/abs/2301.06422,/abs/1909.03330,/abs/1905.02980,/abs/2106.09307,/abs/2004.08364,/abs/1901.08567,/abs/1409.2373,/abs/2205.15979,/abs/2212.01691,/abs/2303.09463
105,/abs/2001.00051,/abs/1701.03639,/abs/1308.0683,/abs/1706.07484,/abs/1802.01197,/abs/2108.12251,/abs/1208.0288,/abs/1604.07236,/abs/1705.03172,/abs/1512.00682,/abs/1508.02483
106,/abs/1905.00006,/abs/2003.11315,/abs/2103.05376,/abs/1903.07868,/abs/1905.00006,/abs/2105.12056,/abs/2004.06305,/abs/2302.05673,/abs/2109.06401,/abs/2301.09498,/abs/2004.12032
107,/abs/1905.00007,/abs/2102.11263,/abs/2203.07293,/abs/2007.09278,/abs/2103.06902,/abs/1811.09928,/abs/2208.00561,/abs/2309.02186,/abs/2204.11823,/abs/2212.07378,/abs/2211.14589
108,/abs/1905.00011,/abs/1905.00011,/abs/1906.03840,/abs/2308.11965,/abs/2003.12273,/abs/2309.03243,/abs/2209.12505,/abs/2309.12359,/abs/2311.09657,/abs/2005.01008,/abs/2106.13321
109,/abs/1905.00044,/abs/1710.06957,/abs/1809.02018,/abs/2206.02410,/abs/1402.2090,/abs/1904.05923,/abs/2301.07007,/abs/1211.5729,/abs/1905.00044,/abs/1806.02939,/abs/2111.00008
110,/abs/1905.00052,/abs/1708.04479,/abs/1908.03825,/abs/2010.14570,/abs/1903.04263,/abs/1812.09338,/abs/1806.07296,/abs/2305.14810,/abs/1107.1660,/abs/1905.00052,/abs/1905.01386
111,/abs/1905.00055,/abs/2204.04633,/abs/1904.10527,/abs/2205.09626,/abs/1905.01395,/abs/1811.11866,/abs/1702.07969,/abs/1501.03577,/abs/2301.11009,/abs/0812.4460,/abs/1807.05853
112,/abs/1905.00060,/abs/1905.00060,/abs/1505.00145,/abs/2106.05735,/abs/1506.03852,/abs/1806.07373,/abs/2007.01625,/abs/1705.00366,/abs/2007.15124,/abs/2210.12148,/abs/2201.02779
113,/abs/2203.00006,/abs/1904.03670,/abs/2104.10357,/abs/1810.12735,/abs/2211.03990,/abs/2011.13205,/abs/2001.05284,/abs/1909.13790,/abs/2203.12067,/abs/2305.10231,/abs/2106.15919
114,/abs/2203.00007,/abs/2203.00007,/abs/2107.13226,/abs/2210.07098,/abs/2210.13965,/abs/1912.07663,/abs/2004.00992,/abs/2210.04989,/abs/1909.02902,/abs/2208.06947,/abs/1905.05614
115,/abs/2203.00035,/abs/2301.06889,/abs/2203.00035,/abs/2209.07437,/abs/2109.04024,/abs/2002.04131,/abs/2107.04050,/abs/2006.11917,/abs/2307.06175,/abs/2302.05910,/abs/2105.08268
116,/abs/2203.00043,/abs/2209.11418,/abs/1707.04338,/abs/2302.14514,/abs/2009.01098,/abs/1902.06101,/abs/2004.13999,/abs/2103.09506,/abs/2212.07534,/abs/2005.07890,/abs/1901.02094
117,/abs/2106.00001,/abs/2106.00001,/abs/1610.07650,/abs/1411.4419,/abs/1402.4844,/abs/1501.03273,/abs/1211.1041,/abs/1803.01013,/abs/1010.2955,/abs/2303.01256,/abs/1808.00628
118,/abs/2106.00010,/abs/2106.00010,/abs/2105.14666,/abs/2106.07577,/abs/2102.08551,/abs/2205.03481,/abs/2205.10401,/abs/2106.13531,/abs/2103.17189,/abs/2306.03177,/abs/2205.04276
119,/abs/2106.00011,/abs/2105.14731,/abs/2206.11328,/abs/2106.00011,/abs/2208.05282,/abs/2205.07518,/abs/2012.03213,/abs/2110.04320,/abs/2207.11822,/abs/2211.03088,/abs/2202.12833
120,/abs/2106.00012,/abs/2106.00012,/abs/2203.12330,/abs/1512.01700,/abs/2101.07752,/abs/2011.14688,/abs/2011.05804,/abs/2004.02881,/abs/1905.12200,/abs/2203.16748,/abs/1805.09949
121,/abs/2106.00026,/abs/2106.00026,/abs/2204.02317,/abs/2303.03181,/abs/2310.10368,/abs/2005.11699,/abs/1810.10525,/abs/2011.01734,/abs/2006.02619,/abs/1906.10612,/abs/1906.01563
122,/abs/2304.00004,/abs/2208.00486,/abs/0812.3478,/abs/2112.03102,/abs/1410.8581,/abs/2106.12831,/abs/2103.13694,/abs/2308.01597,/abs/1711.03430,/abs/2208.13064,/abs/1411.5313
123,/abs/2304.00009,/abs/1706.05296,/abs/2006.00587,/abs/2210.02260,/abs/2210.03540,/abs/2302.05593,/abs/2302.06872,/abs/2304.00009,/abs/1905.05408,/abs/2102.07936,/abs/1906.11110
124,/abs/2305.00001,/abs/2305.00001,/abs/2208.08888,/abs/1009.0384,/abs/1110.2610,/abs/1912.12979,/abs/2212.01248,/abs/1602.05124,/abs/1408.4576,/abs/1411.6241,/abs/1306.2102
125,/abs/2107.00001,/abs/2107.00001,/abs/1108.1925,/abs/0909.1771,/abs/1407.2845,/abs/2010.07386,/abs/2203.04366,/abs/2109.07321,/abs/2106.08455,/abs/1507.01443,/abs/2308.01761
126,/abs/2107.00003,/abs/2206.04463,/abs/2107.10480,/abs/1904.09633,/abs/1802.04457,/abs/2012.13111,/abs/2008.04094,/abs/1801.04693,/abs/2310.04539,/abs/2203.10166,/abs/2310.17626
127,/abs/2107.00005,/abs/2107.00005,/abs/1902.03471,/abs/1504.07874,/abs/2101.01133,/abs/2103.16525,/abs/1911.00376,/abs/2308.02716,/abs/1905.03209,/abs/2107.00229,/abs/2002.04479
128,/abs/2107.00032,/abs/2107.00032,/abs/2207.09750,/abs/1912.06883,/abs/2212.06495,/abs/2107.04642,/abs/2303.09287,/abs/1810.07414,/abs/2307.08484,/abs/2302.02404,/abs/2212.13346
129,/abs/2105.00002,/abs/2112.07773,/abs/2305.02231,/abs/2006.14750,/abs/2110.01167,/abs/2105.08867,/abs/2004.07213,/abs/2108.06217,/abs/1903.03425,/abs/2307.10057,/abs/2011.11393
130,/abs/2105.00013,/abs/2105.00013,/abs/2002.11011,/abs/1401.3936,/abs/2302.13161,/abs/1502.00237,/abs/1607.04811,/abs/2205.11171,/abs/2208.14225,/abs/1809.02609,/abs/2101.10198
131,/abs/2307.00008,/abs/2004.11579,/abs/2311.07430,/abs/2204.01171,/abs/2106.02736,/abs/2310.16343,/abs/2205.06036,/abs/2306.15926,/abs/2011.12334,/abs/2212.10466,/abs/1804.04093
132,/abs/2307.00014,/abs/2103.14286,/abs/2303.03757,/abs/1808.03485,/abs/2112.02143,/abs/1903.02210,/abs/1905.12853,/abs/2307.00014,/abs/2007.06727,/abs/1809.07491,/abs/2303.01641
133,/abs/2307.00016,/abs/2307.00016,/abs/2208.07986,/abs/2104.06189,/abs/1711.00548,/abs/2007.10880,/abs/2110.12225,/abs/2309.17442,/abs/2309.15140,/abs/2209.15242,/abs/2104.10155
134,/abs/2307.00028,/abs/2305.18786,/abs/2210.12261,/abs/2212.00794,/abs/2010.06775,/abs/2209.06794,/abs/2104.08066,/abs/2305.03510,/abs/2209.08982,/abs/2303.11403,/abs/2303.11866
135,/abs/2306.00004,/abs/2309.16427,/abs/1207.2236,/abs/1301.0037,/abs/1701.04481,/abs/0902.0019,/abs/cs/0101007,/abs/cs/0508109,/abs/1808.08751,/abs/1702.07146,/abs/1203.6102
136,/abs/2306.00007,/abs/1911.12637,/abs/2306.00007,/abs/2203.05425,/abs/2305.18315,/abs/1911.03911,/abs/2001.11245,/abs/2112.11494,/abs/1810.09379,/abs/2110.15709,/abs/2310.15602
137,/abs/2306.00012,/abs/2306.00012,/abs/2301.10569,/abs/2102.02026,/abs/2206.15174,/abs/2302.04071,/abs/2209.06520,/abs/2006.07527,/abs/2103.01730,/abs/1901.00596,/abs/2303.14483
138,/abs/2104.00032,/abs/2104.00032,/abs/2109.13004,/abs/1711.05611,/abs/2305.10121,/abs/2205.10268,/abs/1703.04096,/abs/2207.13243,/abs/1802.00614,/abs/2302.09561,/abs/2107.04474
139,/abs/2104.00041,/abs/2104.00041,/abs/2011.05284,/abs/1910.07457,/abs/1910.07460,/abs/2106.06797,/abs/1710.00923,/abs/1707.06012,/abs/2004.00068,/abs/2210.12215,/abs/1105.1072
140,/abs/2104.00053,/abs/2011.09586,/abs/2003.06085,/abs/2104.00053,/abs/2305.01400,/abs/2110.14770,/abs/2306.17237,/abs/2210.08073,/abs/1904.01139,/abs/2008.00524,/abs/1905.12310
141,/abs/2302.00004,/abs/2302.00004,/abs/2301.13536,/abs/2210.02620,/abs/2009.03715,/abs/1505.03449,/abs/1808.02079,/abs/1902.06371,/abs/2309.05369,/abs/2106.08630,/abs/1312.3455
142,/abs/2302.00025,/abs/2209.11762,/abs/1807.00787,/abs/1806.06122,/abs/2310.15097,/abs/2301.08375,/abs/2306.01417,/abs/2102.10349,/abs/2002.09343,/abs/2205.05512,/abs/2305.18160
143,/abs/2302.00037,/abs/2106.12959,/abs/2009.13317,/abs/2302.00037,/abs/2008.12388,/abs/1804.08001,/abs/2304.13886,/abs/2007.01181,/abs/1803.03831,/abs/2301.02896,/abs/2302.12559
144,/abs/2302.00042,/abs/1904.09820,/abs/2302.00042,/abs/2303.05953,/abs/2104.01712,/abs/2310.16132,/abs/1905.02812,/abs/2303.05950,/abs/2303.16344,/abs/2202.13260,/abs/2002.00770
145,/abs/2303.00001,/abs/2310.13595,/abs/2305.17608,/abs/2303.00001,/abs/2308.04332,/abs/2310.01045,/abs/1909.08593,/abs/2311.07723,/abs/2310.04373,/abs/1903.02020,/abs/2310.17022
146,/abs/2303.00002,/abs/2303.00002,/abs/2309.13989,/abs/2302.13339,/abs/1909.06008,/abs/2306.02389,/abs/1604.04029,/abs/2305.12743,/abs/2208.01198,/abs/2005.05556,/abs/2004.03106
147,/abs/2303.00032,/abs/2303.00032,/abs/2212.14360,/abs/2102.01751,/abs/2104.07557,/abs/2110.07077,/abs/2112.11167,/abs/2306.09484,/abs/2207.09232,/abs/2007.13054,/abs/2205.05867
148,/abs/2303.00035,/abs/2303.00035,/abs/2208.11530,/abs/2102.02525,/abs/2011.12160,/abs/2202.09398,/abs/2112.03449,/abs/2209.09624,/abs/2305.09668,/abs/2306.15865,/abs/2310.13137
149,/abs/2303.00042,/abs/2303.00042,/abs/2005.03834,/abs/2106.09279,/abs/2201.02954,/abs/2006.14420,/abs/2305.05552,/abs/1908.10175,/abs/1611.07399,/abs/2202.13535,/abs/2109.05208
150,/abs/2101.00002,/abs/2101.00002,/abs/2011.06769,/abs/2306.10797,/abs/1802.07369,/abs/2001.02982,/abs/2011.02280,/abs/1905.09419,/abs/1906.11122,/abs/2206.04951,/abs/2206.02575
151,/abs/2101.00003,/abs/cs/0511085,/abs/1404.5352,/abs/cs/0406056,/abs/1106.1150,/abs/2203.11079,/abs/1711.07132,/abs/2101.00003,/abs/2003.09791,/abs/1207.0393,/abs/1102.4346
152,/abs/2101.00008,/abs/2101.00008,/abs/1907.10901,/abs/2112.01148,/abs/1904.00224,/abs/2104.12669,/abs/2303.09858,/abs/1811.07311,/abs/2204.09498,/abs/1907.10456,/abs/1801.05583
153,/abs/2101.00010,/abs/2005.14709,/abs/1804.08207,/abs/2101.07397,/abs/1812.05813,/abs/2101.10713,/abs/1909.08940,/abs/2112.07711,/abs/2202.10408,/abs/1806.00692,/abs/1711.04289
154,/abs/2101.00027,/abs/2201.07311,/abs/2101.00027,/abs/2310.07321,/abs/2311.05640,/abs/2305.18466,/abs/2310.20707,/abs/2304.08442,/abs/2306.01116,/abs/2303.14177,/abs/2311.09071
155,/abs/2103.00007,/abs/2103.00007,/abs/2104.06225,/abs/1805.10041,/abs/1504.04297,/abs/1901.01628,/abs/2112.09691,/abs/2109.02166,/abs/2205.14122,/abs/1607.00714,/abs/2106.14241
156,/abs/2103.00020,/abs/2207.07635,/abs/2204.09222,/abs/2204.08790,/abs/2203.07519,/abs/2112.12750,/abs/2211.09778,/abs/2203.05557,/abs/2206.01843,/abs/2010.12831,/abs/2308.11507
157,/abs/2103.00022,/abs/2103.00022,/abs/2308.01983,/abs/2301.13421,/abs/2105.05398,/abs/1901.10664,/abs/1812.11145,/abs/2211.06475,/abs/2012.02554,/abs/1903.04654,/abs/0908.3574
158,/abs/2103.00031,/abs/2103.00031,/abs/1909.03111,/abs/1111.1170,/abs/1911.01508,/abs/1107.2003,/abs/2108.11679,/abs/1912.09741,/abs/1901.08857,/abs/1509.06220,/abs/1808.00843
159,/abs/2103.00032,/abs/2206.06549,/abs/1905.02245,/abs/2307.06410,/abs/2109.02245,/abs/1711.05019,/abs/1205.6594,/abs/2103.01783,/abs/2306.03602,/abs/1401.7758,/abs/2001.09630
160,/abs/2301.00005,/abs/2301.00005,/abs/1806.06505,/abs/2205.10316,/abs/2010.07986,/abs/1309.6989,/abs/2002.05189,/abs/1912.13263,/abs/1903.02536,/abs/2310.08100,/abs/1806.08083
161,/abs/2301.00008,/abs/2105.14602,/abs/2301.11375,/abs/2104.13478,/abs/2012.15110,/abs/2307.04719,/abs/2104.14372,/abs/1905.12784,/abs/2004.06093,/abs/1807.02581,/abs/1703.04933
162,/abs/2301.00009,/abs/2301.00009,/abs/2103.04910,/abs/2110.12276,/abs/1412.0543,/abs/2211.11620,/abs/2305.05666,/abs/1905.09855,/abs/2107.01595,/abs/2004.00500,/abs/2012.13658
163,/abs/2102.00004,/abs/2102.00004,/abs/2306.09920,/abs/2306.09915,/abs/2103.07251,/abs/2112.14513,/abs/2103.07032,/abs/2303.02334,/abs/2110.02551,/abs/2111.15597,/abs/2311.04258
164,/abs/2102.00027,/abs/2102.00027,/abs/2211.07021,/abs/2308.02529,/abs/1610.07245,/abs/2003.04772,/abs/2011.06449,/abs/2106.09500,/abs/1907.10993,/abs/1907.11454,/abs/1606.06329
165,/abs/2102.00029,/abs/1905.09871,/abs/1906.04392,/abs/2101.04829,/abs/2005.04871,/abs/2101.01032,/abs/2306.02895,/abs/2203.14607,/abs/1712.09491,/abs/2201.13444,/abs/2011.12807
166,/abs/2102.00030,/abs/2102.00030,/abs/2309.02815,/abs/1807.02373,/abs/1703.05449,/abs/1705.03520,/abs/2104.11186,/abs/2211.15602,/abs/2211.15792,/abs/2002.03585,/abs/2205.13044
167,/abs/2102.00036,/abs/2303.10871,/abs/2212.05251,/abs/2109.00563,/abs/1808.09502,/abs/2305.07230,/abs/2210.00105,/abs/2305.13246,/abs/2201.09651,/abs/2105.02274,/abs/2306.10723
168,/abs/1911.00025,/abs/1911.00025,/abs/2105.08268,/abs/1908.03963,/abs/2003.08839,/abs/1706.02275,/abs/2108.08612,/abs/1710.00336,/abs/1902.04043,/abs/2106.15691,/abs/2104.06655
169,/abs/1911.00029,/abs/1611.09010,/abs/2204.07370,/abs/2006.15480,/abs/1905.03244,/abs/1603.06937,/abs/1504.07159,/abs/2002.03933,/abs/2208.07755,/abs/1909.12828,/abs/2201.07412
170,/abs/1911.00038,/abs/1903.09084,/abs/1603.01887,/abs/1807.00736,/abs/2106.02848,/abs/2112.01704,/abs/1112.2680,/abs/2110.09580,/abs/1401.0987,/abs/2005.13099,/abs/1605.02065
171,/abs/1911.00046,/abs/1808.08989,/abs/2109.08896,/abs/1702.06334,/abs/1403.4064,/abs/1908.11566,/abs/2012.10086,/abs/2305.13347,/abs/1909.05964,/abs/1707.01550,/abs/2307.05603
172,/abs/1911.00055,/abs/2206.00983,/abs/2305.12738,/abs/2202.10381,/abs/2006.16171,/abs/2007.08821,/abs/2309.01538,/abs/2011.06174,/abs/1802.03638,/abs/2102.05444,/abs/2301.02781
173,/abs/1911.00061,/abs/2305.14009,/abs/2107.01253,/abs/2205.10416,/abs/2306.16913,/abs/2111.00083,/abs/1905.10345,/abs/2206.09423,/abs/2101.10951,/abs/2107.08861,/abs/2304.08597
174,/abs/1910.00004,/abs/1910.00004,/abs/2110.05820,/abs/2201.12064,/abs/2009.14441,/abs/2108.03953,/abs/2101.06569,/abs/2301.04956,/abs/2108.02113,/abs/1809.03048,/abs/1909.11594
175,/abs/1910.00005,/abs/2004.00216,/abs/2012.12517,/abs/1808.02590,/abs/2208.06129,/abs/1909.01087,/abs/2307.04336,/abs/2201.02757,/abs/1803.01848,/abs/1912.05140,/abs/2011.14867
176,/abs/1910.00032,/abs/2106.10452,/abs/1801.00908,/abs/1709.04609,/abs/1810.10289,/abs/2004.07193,/abs/1912.04573,/abs/2306.04774,/abs/2210.16795,/abs/1709.06031,/abs/2202.03747
177,/abs/1910.00033,/abs/2310.10780,/abs/2310.05263,/abs/2104.02361,/abs/2304.02786,/abs/2004.04692,/abs/2106.07214,/abs/2206.10673,/abs/2006.06721,/abs/2003.03675,/abs/2308.09850
178,/abs/1910.00051,/abs/1910.00051,/abs/2106.04398,/abs/1809.00773,/abs/1711.06141,/abs/2011.00758,/abs/1704.00552,/abs/2009.07365,/abs/1704.07092,/abs/1906.11746,/abs/1910.10138
179,/abs/1910.00053,/abs/1910.00053,/abs/1911.08260,/abs/1701.03205,/abs/2307.02004,/abs/2301.06087,/abs/1907.08828,/abs/1609.09037,/abs/2110.10714,/abs/1905.06468,/abs/2307.01999
180,/abs/1910.00054,/abs/1910.00054,/abs/1812.10735,/abs/2102.00299,/abs/2308.11447,/abs/1610.03771,/abs/1908.11216,/abs/1711.09645,/abs/1807.11172,/abs/2002.03049,/abs/1911.12722
181,/abs/2311.00048,/abs/2105.02726,/abs/2311.00048,/abs/2307.02249,/abs/2311.07125,/abs/2303.15749,/abs/2011.08939,/abs/2103.10626,/abs/2301.07700,/abs/2207.01805,/abs/2307.15254
182,/abs/2311.00049,/abs/2309.17032,/abs/2102.11923,/abs/2007.15884,/abs/2311.00049,/abs/1708.01611,/abs/1907.02943,/abs/2005.10807,/abs/1910.09763,/abs/1108.2283,/abs/2001.04294
183,/abs/2311.00055,/abs/2311.00055,/abs/2307.04308,/abs/2306.04766,/abs/2303.00918,/abs/2110.01889,/abs/2206.08564,/abs/2209.08060,/abs/2310.07338,/abs/2307.02491,/abs/1908.07442
184,/abs/2311.00066,/abs/2311.00066,/abs/1910.03622,/abs/1501.00335,/abs/2007.04444,/abs/2106.10035,/abs/2106.02483,/abs/1605.08357,/abs/2212.03615,/abs/2004.08559,/abs/2203.10583
185,/abs/2311.00068,/abs/2311.00068,/abs/2108.03124,/abs/2008.06966,/abs/2301.08782,/abs/1911.03723,/abs/2308.16483,/abs/2103.12245,/abs/1911.02448,/abs/2110.12915,/abs/1706.08658
186,/abs/1912.00005,/abs/2307.05352,/abs/2207.14150,/abs/1912.00005,/abs/2306.13761,/abs/1911.03886,/abs/2211.07985,/abs/2204.07122,/abs/1911.07256,/abs/1903.02865,/abs/2003.08980
187,/abs/1912.00010,/abs/1903.03413,/abs/1912.00010,/abs/1209.0516,/abs/1806.07127,/abs/2304.08410,/abs/1610.04388,/abs/1803.02653,/abs/2007.03867,/abs/1703.02193,/abs/cs/0311022
188,/abs/1912.00020,/abs/1912.00020,/abs/2107.08378,/abs/2206.11398,/abs/2201.13331,/abs/2108.11645,/abs/2305.05484,/abs/2011.08004,/abs/2308.02765,/abs/2112.10949,/abs/2107.05464
189,/abs/1912.00036,/abs/2307.14748,/abs/2006.02620,/abs/1903.04227,/abs/2212.10280,/abs/2305.00379,/abs/1905.01861,/abs/1812.03252,/abs/1803.08435,/abs/1711.09345,/abs/1805.03356
190,/abs/2109.00025,/abs/1603.09128,/abs/1809.05694,/abs/1804.08077,/abs/1706.08160,/abs/1606.04835,/abs/1706.05111,/abs/2101.10448,/abs/1607.08692,/abs/1801.06807,/abs/1912.10167
191,/abs/2109.00031,/abs/2311.01122,/abs/2309.06956,/abs/2109.00031,/abs/1705.04732,/abs/2203.09981,/abs/2205.05488,/abs/2211.05552,/abs/2102.01839,/abs/2212.07287,/abs/2207.09192
192,/abs/2109.00055,/abs/2109.00055,/abs/1402.3070,/abs/2008.09049,/abs/1910.11450,/abs/2010.13369,/abs/1907.04944,/abs/2006.03659,/abs/2109.08668,/abs/1910.14270,/abs/2303.18223
193,/abs/2112.00007,/abs/2205.05072,/abs/2211.11381,/abs/1808.07535,/abs/2304.06818,/abs/2211.15352,/abs/2304.08490,/abs/2302.04850,/abs/2208.14114,/abs/2311.05609,/abs/2310.15247
194,/abs/2112.00011,/abs/2112.00011,/abs/1510.00098,/abs/2006.04224,/abs/2107.14700,/abs/2308.15979,/abs/1912.08197,/abs/2210.10568,/abs/2002.01612,/abs/1711.06323,/abs/2205.01472
195,/abs/2112.00053,/abs/2112.00053,/abs/0812.0736,/abs/1910.12062,/abs/0901.0148,/abs/2304.02333,/abs/1509.06420,/abs/1001.3727,/abs/1107.1851,/abs/1905.04855,/abs/1909.06537
196,/abs/2108.00026,/abs/1801.05768,/abs/2304.14397,/abs/1604.00223,/abs/2208.13237,/abs/1801.02194,/abs/2305.05332,/abs/2206.05759,/abs/1810.05719,/abs/1902.09512,/abs/1606.08828
197,/abs/2108.00034,/abs/2108.00034,/abs/2302.02432,/abs/1705.07809,/abs/2006.06037,/abs/2012.00970,/abs/1905.06922,/abs/2006.12013,/abs/1806.03803,/abs/1812.01475,/abs/2004.12983
198,/abs/2108.00037,/abs/2303.10462,/abs/1907.03137,/abs/2305.04734,/abs/2210.11971,/abs/2107.11114,/abs/2010.08416,/abs/2010.12605,/abs/2111.08626,/abs/2307.07178,/abs/2104.00430
199,/abs/2108.00045,/abs/2110.00860,/abs/2108.00045,/abs/2203.03137,/abs/2303.00404,/abs/2302.00875,/abs/2112.08643,/abs/2201.01961,/abs/2203.03483,/abs/2308.04016,/abs/2103.03433
200,/abs/2108.00049,/abs/2108.00049,/abs/2107.00637,/abs/2111.13651,/abs/2212.00653,/abs/2011.10287,/abs/2006.10803,/abs/2011.02803,/abs/2203.05997,/abs/2004.06638,/abs/2204.08479
201,/abs/2308.00002,/abs/2308.00002,/abs/1909.03065,/abs/2101.04640,/abs/2005.04304,/abs/2202.00436,/abs/2201.12438,/abs/2010.12753,/abs/2108.04674,/abs/2106.04571,/abs/2305.05191
202,/abs/2308.00005,/abs/2308.00005,/abs/2207.07903,/abs/2301.00134,/abs/2302.02013,/abs/2302.09225,/abs/2012.08318,/abs/2207.04503,/abs/2111.13149,/abs/2108.12732,/abs/1805.03409
203,/abs/2308.00010,/abs/2308.00010,/abs/2211.06493,/abs/2303.07458,/abs/2305.20054,/abs/2011.02329,/abs/2310.06125,/abs/2303.07569,/abs/2303.03737,/abs/2206.08525,/abs/2210.06368
204,/abs/2308.00015,/abs/2210.13944,/abs/2211.09124,/abs/2101.00169,/abs/2308.13736,/abs/2206.08264,/abs/2307.05328,/abs/2308.06089,/abs/2311.08336,/abs/2006.13329,/abs/2010.05388
205,/abs/2308.00052,/abs/2309.01276,/abs/2212.00593,/abs/2311.07462,/abs/2303.01851,/abs/1310.5199,/abs/1803.06315,/abs/2106.13712,/abs/2204.00512,/abs/2103.14353,/abs/2206.04794
206,/abs/2110.00031,/abs/2101.12202,/abs/2110.00031,/abs/2005.00475,/abs/2108.06385,/abs/2301.07378,/abs/2004.03516,/abs/2003.12614,/abs/2003.10359,/abs/2005.09174,/abs/2005.06012
207,/abs/2110.00035,/abs/2301.00597,/abs/2110.00035,/abs/2005.09081,/abs/2201.07060,/abs/1705.10384,/abs/2308.07258,/abs/1911.01904,/abs/1911.06463,/abs/2006.08258,/abs/2203.11857
208,/abs/2110.00044,/abs/2110.00044,/abs/2208.10291,/abs/2011.03125,/abs/2010.11940,/abs/2303.09628,/abs/2004.02610,/abs/1509.02971,/abs/2102.13073,/abs/2109.13338,/abs/1803.08501
209,/abs/2111.00002,/abs/2110.13307,/abs/2111.00002,/abs/2307.06898,/abs/2311.02365,/abs/1111.2456,/abs/2004.08924,/abs/1012.1672,/abs/1108.5871,/abs/2301.06472,/abs/1411.5795
210,/abs/2111.00003,/abs/1605.07171,/abs/2107.14655,/abs/1312.1529,/abs/1908.09297,/abs/1312.0138,/abs/1312.1812,/abs/1612.09083,/abs/0907.2173,/abs/1201.1468,/abs/1905.09822
211,/abs/2111.00006,/abs/2111.00006,/abs/1306.6709,/abs/1804.01900,/abs/2008.09880,/abs/1805.05510,/abs/1603.03678,/abs/2104.01495,/abs/1201.0610,/abs/2211.16264,/abs/1810.03944
212,/abs/2111.00007,/abs/2003.09338,/abs/2011.00179,/abs/1911.10807,/abs/2303.08557,/abs/2005.13826,/abs/2009.13000,/abs/2111.00007,/abs/2110.11128,/abs/2205.06743,/abs/2112.13539
213,/abs/2111.00010,/abs/2303.11809,/abs/2305.00771,/abs/2307.05358,/abs/2110.07829,/abs/2007.08844,/abs/2006.12097,/abs/2012.03292,/abs/2108.09412,/abs/2002.06815,/abs/2211.08914
214,/abs/2111.00038,/abs/2111.00038,/abs/1510.00981,/abs/2310.14919,/abs/2006.10214,/abs/1809.05911,/abs/2207.02729,/abs/1904.09843,/abs/2001.05654,/abs/2011.04860,/abs/1904.06122
215,/abs/2309.00005,/abs/2307.03413,/abs/1808.10072,/abs/2007.14007,/abs/1902.08224,/abs/2309.00005,/abs/1809.00764,/abs/2311.08955,/abs/2205.03742,/abs/1912.11868,/abs/2008.03426
216,/abs/2309.00024,/abs/2309.00024,/abs/2108.06734,/abs/1912.01201,/abs/2004.03106,/abs/1909.06940,/abs/2210.07011,/abs/2211.14987,/abs/2106.15382,/abs/2008.10208,/abs/2209.04187
217,/abs/1908.00003,/abs/2007.14579,/abs/2004.10345,/abs/1910.07254,/abs/2108.10689,/abs/2008.12710,/abs/2009.10128,/abs/2004.11724,/abs/1708.00733,/abs/2004.10347,/abs/1803.09033
218,/abs/1908.00024,/abs/1908.00024,/abs/2108.08236,/abs/2001.03093,/abs/2211.00385,/abs/2011.02751,/abs/2001.00735,/abs/2006.08264,/abs/2209.05649,/abs/2207.10398,/abs/2110.02344
219,/abs/1908.00047,/abs/1909.04402,/abs/1606.07770,/abs/2101.09865,/abs/1805.09137,/abs/1511.05284,/abs/1710.06303,/abs/2109.05115,/abs/2306.03476,/abs/2106.01424,/abs/1710.02534
220,/abs/1909.00015,/abs/2207.11735,/abs/1112.0665,/abs/1509.03203,/abs/0809.3731,/abs/1601.01074,/abs/0905.1990,/abs/1006.0304,/abs/1511.06971,/abs/1702.01425,/abs/0809.3485
221,/abs/1909.00025,/abs/2202.09701,/abs/2301.03236,/abs/2002.07836,/abs/2209.11303,/abs/2110.14402,/abs/2010.12916,/abs/2211.10550,/abs/2206.07260,/abs/2112.07328,/abs/2011.06782
222,/abs/1909.00032,/abs/1909.00032,/abs/1810.03956,/abs/2008.09229,/abs/2303.05724,/abs/1907.09394,/abs/2304.11161,/abs/1806.10278,/abs/2107.05043,/abs/1708.05922,/abs/1609.08080
223,/abs/1909.00045,/abs/1801.09308,/abs/1703.03378,/abs/1607.08101,/abs/1901.10312,/abs/1708.04399,/abs/1909.08997,/abs/1901.05107,/abs/1611.03343,/abs/1703.03523,/abs/1802.10417
224,/abs/1909.00047,/abs/1310.8418,/abs/1409.1458,/abs/2210.07454,/abs/1803.11287,/abs/1802.05811,/abs/1612.01437,/abs/1805.01993,/abs/1710.06952,/abs/1802.08800,/abs/1502.03508
225,/abs/2208.00029,/abs/1508.06395,/abs/cs/0304012,/abs/1504.06830,/abs/1711.04714,/abs/1504.05666,/abs/1611.08842,/abs/1501.05814,/abs/2006.13712,/abs/1704.08771,/abs/2011.06660
226,/abs/2208.00037,/abs/2208.00037,/abs/2103.12706,/abs/2008.08652,/abs/2005.05747,/abs/2304.02140,/abs/2008.07879,/abs/2101.02361,/abs/2202.04950,/abs/1409.6587,/abs/2207.08475
227,/abs/2209.00005,/abs/1911.06470,/abs/2105.10123,/abs/2006.08218,/abs/2210.01742,/abs/1906.12340,/abs/2111.02042,/abs/2302.09195,/abs/2011.13120,/abs/2012.06330,/abs/2106.03259
228,/abs/2209.00062,/abs/2102.00109,/abs/2103.16273,/abs/2209.07857,/abs/2209.00062,/abs/2006.03340,/abs/2207.00726,/abs/2109.06446,/abs/2304.09764,/abs/2005.02545,/abs/2011.06679
229,/abs/2209.00065,/abs/2209.00065,/abs/2308.14500,/abs/1704.05643,/abs/2307.07286,/abs/2204.10312,/abs/1704.05645,/abs/2303.10904,/abs/2108.04536,/abs/2110.00529,/abs/1703.08274
230,/abs/2209.00078,/abs/2206.01197,/abs/2010.04592,/abs/2208.06412,/abs/2209.00078,/abs/2304.02971,/abs/2010.01929,/abs/2010.01028,/abs/2111.03169,/abs/2010.05113,/abs/2301.11673
231,/abs/2209.00081,/abs/1612.01554,/abs/2204.09386,/abs/2212.00598,/abs/2203.07978,/abs/2204.00208,/abs/2104.14001,/abs/2303.12966,/abs/2304.03849,/abs/2210.01354,/abs/1506.05885
232,/abs/2008.00017,/abs/1802.03110,/abs/2304.00713,/abs/1505.07683,/abs/2009.06341,/abs/1910.03686,/abs/2008.00017,/abs/2006.10591,/abs/1807.06724,/abs/1705.08522,/abs/2207.09593
233,/abs/2008.00023,/abs/2203.02544,/abs/2008.00023,/abs/2206.03201,/abs/2101.01284,/abs/2303.06642,/abs/1911.01968,/abs/1612.03182,/abs/1709.03715,/abs/1803.04784,/abs/2012.03112
234,/abs/2008.00025,/abs/2007.07588,/abs/1811.09409,/abs/2008.00025,/abs/2106.05767,/abs/2207.06028,/abs/2210.04728,/abs/1907.10902,/abs/2102.03034,/abs/1910.11758,/abs/1909.12226
