,query_article_link,top_1,top_2,top_3,top_4,top_5,top_6,top_7,top_8,top_9,top_10
0,/abs/2207.00001,,,,,,,,,,
1,/abs/2207.00003,/abs/2212.02739,/abs/2002.08930,/abs/2208.13986,/abs/2305.18703,/abs/2208.07754,/abs/2206.01323,/abs/2212.13038,/abs/2308.11635,/abs/1912.12033,/abs/2103.08889
2,/abs/2207.00005,/abs/2101.06069,/abs/2204.03410,/abs/2112.15278,/abs/2112.06511,/abs/2304.09062,/abs/2305.16332,/abs/2301.12230,/abs/2210.01987,/abs/2104.09220,/abs/2207.08605
3,/abs/2207.00006,,,,,,,,,,
4,/abs/2207.00007,/abs/2211.06579,/abs/2105.06677,/abs/2307.09673,/abs/2310.19775,/abs/2106.05568,/abs/2304.12667,/abs/2311.14687,/abs/2111.06420,/abs/2302.06065,/abs/2303.17558
5,/abs/2207.00008,/abs/2012.11195,/abs/2106.15049,/abs/2105.09461,/abs/2306.12660,/abs/2304.09861,/abs/2311.09248,/abs/2111.00418,/abs/2012.03426,/abs/2208.02597,/abs/1011.3852
6,/abs/2207.00010,/abs/2308.02084,/abs/2105.12374,/abs/2203.05692,/abs/2105.12374v1)%3C%22,/abs/2301.12467,/abs/2310.06219,/abs/2310.17552,/abs/2306.16817,/abs/2308.04749,/abs/2104.09396
7,/abs/2207.00012,/abs/2306.10280,/abs/2305.15792,/abs/2303.09778,/abs/2310.06396,/abs/2306.08604,/abs/2212.09970,/abs/2210.13815,/abs/2108.07258.abs%C3%82%C2%A0,/abs/2107.12045,
8,/abs/2207.00026,/abs/2301.04926,/abs/2309.05573,/abs/2303.05367,/abs/2301.00970,/abs/2308.02883,/abs/2303.11203,/abs/2305.19812,/abs/2307.15061,,
9,/abs/2207.00032,/abs/2311.03687,/abs/2311.01282,/abs/2303.06865,/abs/2211.05102,/abs/2311.15566,/abs/2309.08589,/abs/2305.16300,/abs/2308.12066,/abs/2311.04930,/abs/2309.02784
10,/abs/1901.00001,/abs/2303.14516,/abs/2303.02835,/abs/2304.13428,/abs/2303.16817,/abs/2305.17349,/abs/2307.05080,/abs/2303.05194,/abs/2101.08418,/abs/2208.01254,/abs/2308.00949
11,/abs/1901.00003,/abs/2203.09375,/abs/1910.01210,/abs/1911.11530,/abs/2108.03072,/abs/2010.01191,/abs/2008.09622,/abs/2212.02280,/abs/2104.03851,/abs/1906.03764,/abs/2207.06205
12,/abs/1901.00004,/abs/1605.00635,/abs/1606.08828,/abs/2304.14397,/abs/2006.03048,/abs/2105.08713,/abs/1706.01442,/abs/2106.00740,/abs/1710.01190,/abs/2206.05759,/abs/1709.01056
13,/abs/1901.00027,/abs/2311.17901,/abs/2211.11695,/abs/2203.11132,/abs/2307.14151,/abs/2208.03764,/abs/2303.10014,/abs/2205.03956,/abs/2309.07742,/abs/2308.08484,/abs/2307.13039
14,/abs/1901.00031,/abs/2305.18578,/abs/2308.07012,/abs/0810.2434,/abs/2209.08884,/abs/2211.14443,/abs/2208.08084,/abs/1712.01090,/abs/1912.05087,/abs/2303.11100,/abs/2302.05425
15,/abs/1901.00035,/abs/2101.09306,/abs/2002.09766,/abs/2205.14056,/abs/2211.12461,/abs/2302.05950,/abs/2106.09117,/abs/1609.01000,/abs/2306.06995,/abs/2106.09117,/abs/1609.07152
16,/abs/1901.00038,/abs/1605.04966,/abs/1809.10270,/abs/2310.02590,/abs/2304.04637,/abs/1510.02670,/abs/1704.02790,/abs/2210.05444,/abs/2112.02637,/abs/1402.3557,/abs/1307.4581
17,/abs/1901.00039,/abs/2101.01479,/abs/2212.14193,/abs/2311.04509,/abs/2204.07347,/abs/2303.10318,/abs/2201.04819,/abs/2206.10075,/abs/2212.11542,/abs/2107.13271,/abs/2104.02245
18,/abs/1901.00040,/abs/2211.01631,/abs/1905.12056,/abs/2101.06411,/abs/2202.04647,/abs/2006.15573,/abs/1903.09331,/abs/2203.07858,/abs/1809.05583,/abs/1801.01456,/abs/2002.03401
19,/abs/1901.00041,/abs/2304.13541,/abs/2205.11913,/abs/2308.13803,/abs/2311.13587,/abs/1901.10008,/abs/2203.09040,/abs/2211.01713,/abs/2212.02687,/abs/2109.01611,/abs/2306.06000
20,/abs/2005.00019,/abs/2010.04976,/abs/2301.11462,/abs/2304.06248,/abs/2010.04637,/abs/2206.04806,/abs/2011.07960,/abs/2305.02810,/abs/2311.17633,/abs/2101.06397,/abs/2210.03050
21,/abs/2005.00033,/abs/2310.14338,/abs/2311.03179,/abs/2301.05494,/abs/2311.05656,/abs/2109.11372,/abs/2305.14982,/abs/2105.07730,/abs/2310.07078,/abs/2103.00153,/abs/2311.06121
22,/abs/2005.00036,/abs/2306.08872,/abs/2308.06095,/abs/2305.11482,/abs/2305.14325,/abs/2305.16470,/abs/2305.14658,/abs/2310.06245,/abs/2310.15421,/abs/2306.10543,/abs/2310.08394
23,/abs/2005.00038,/abs/2204.04581,/abs/2110.15439,/abs/2311.09383,/abs/2112.07381,/abs/2211.07886,/abs/2310.05149,/abs/2211.14876,/abs/2309.04389,/abs/2210.10584,/abs/2203.00964
24,/abs/2005.00042,/abs/1911.12224,/abs/2303.06073,/abs/2303.08318,/abs/2306.07941,/abs/2010.09116,/abs/2307.01420,/abs/1601.06440,/abs/2201.01459,/abs/2012.02957,/abs/2107.02282
25,/abs/2005.00043,/abs/2004.03178,/abs/2103.04226,/abs/1701.04525,/abs/2006.03930,/abs/1701.01676,/abs/2112.14821,/abs/2103.04226,/abs/2305.05108,/abs/2001.05734,/abs/2011.14469
26,/abs/2005.00044,/abs/2106.03840,/abs/2212.13557,/abs/2109.13142,/abs/1812.07527,/abs/2210.17086,/abs/2008.02352,/abs/1811.10000,/abs/2201.04409,/abs/2104.12425,/abs/2209.09459
27,/abs/2005.00048,/abs/1602.06291,/abs/2309.11142,/abs/1906.09324,/abs/2006.09213,/abs/1904.12674,/abs/1905.01984,/abs/2201.05273,/abs/2309.06814,/abs/1809.00582,/abs/2012.01295
28,/abs/2005.00050,/abs/2209.00154,/abs/2011.03258,/abs/2011.07247,/abs/2103.07259,/abs/2204.05717,/abs/2106.03111,/abs/2310.10400,/abs/2104.03776,/abs/2304.01666,/abs/2305.08654
29,/abs/2005.00051,/abs/2212.07287,/abs/2111.14452,/abs/2212.10402,/abs/2212.10402,/abs/2010.15461,/abs/2212.09303,/abs/2310.01729,/abs/2205.10077,/abs/1812.02936,/abs/2311.07106
30,/abs/2212.00002,/abs/2305.07965,/abs/2304.07498,/abs/2310.15461,/abs/2105.10731,/abs/1905.00288,/abs/2102.04211,/abs/2311.14693,/abs/2202.03033,/abs/2108.03929,/abs/2307.15846
31,/abs/2212.00003,/abs/1611.09766,/abs/1611.04425,/abs/2303.06110,/abs/1804.06682,/abs/cond-mat/0609077,/abs/2201.02921,/abs/1810.04056,/abs/2105.04962,/abs/1509.08306,/abs/2212.05206
32,/abs/2212.00004,/abs/1904.10351,/abs/2303.13536,/abs/1611.09480,/abs/2308.00801,/abs/2303.14792,/abs/2303.14792,/abs/1512.01058,/abs/1907.06286,/abs/1907.06286,/abs/1904.13037
33,/abs/2212.00006,/abs/2102.01264,/abs/1511.01844,/abs/2305.14879,/abs/2311.01270,/abs/2305.17008,/abs/2311.00801,/abs/2305.12757,/abs/2310.06800,/abs/2208.03274,/abs/2107.03374.abs
34,/abs/2212.00007,/abs/2311.14709,/abs/2109.04470,/abs/2207.13545,/abs/2302.07393,/abs/1712.04828,/abs/2107.10449,/abs/2306.03288,/abs/2012.13052,/abs/2212.09409,/abs/2112.07522
35,/abs/2212.00008,/abs/2309.07864,/abs/2302.11009,/abs/2002.07641,/abs/2107.12708,/abs/2301.10224,/abs/2210.09925,/abs/2204.07547,/abs/2101.06354,/abs/2308.06259,/abs/2210.05038
36,/abs/2212.00009,/abs/2204.04164,/abs/2301.07624,/abs/1910.00089,/abs/2205.00584,/abs/2306.01694,/abs/2306.08550,/abs/2303.00732,/abs/2206.10009,/abs/2304.07204,/abs/2205.04827
37,/abs/2212.00012,/abs/1808.03809,/abs/2305.02019,/abs/2311.16332,/abs/2308.06529,/abs/2307.12444,/abs/2201.00448,/abs/2212.07392,/abs/1704.07607,/abs/1001.1367,/abs/2202.09149
38,/abs/2212.00013,/abs/2112.15187,/abs/2210.13906,/abs/2111.07171,/abs/2203.09661,/abs/2210.02381,/abs/2106.10516,/abs/2209.04854,/abs/2209.10021,/abs/2005.04539,/abs/2012.14668v1)%3C%22
39,/abs/2212.00015,/abs/2111.08001,/abs/2107.09883,/abs/2202.11824,/abs/1911.11304,/abs/2310.14764,/abs/2310.13898,/abs/2304.12328,/abs/2311.12527,/abs/2111.06593,/abs/2311.10754
40,/abs/2004.00005,/abs/2008.00461,/abs/2005.14532,/abs/2211.00054,/abs/2208.10252,/abs/2205.01060,/abs/2005.01167,/abs/2103.07061,/abs/2107.01670,/abs/2305.00933,/abs/2010.03307
41,/abs/2004.00006,/abs/2106.15280,/abs/2301.06184,/abs/2301.06143,/abs/2104.09886,/abs/2304.13207,/abs/2211.03928,/abs/2207.03056,/abs/2109.06061,/abs/2307.08587,/abs/2112.01349
42,/abs/2004.00010,/abs/2102.06387,/abs/2102.06387,/abs/2305.02816,/abs/2311.02324,/abs/2212.09657,/abs/2006.13039,/abs/2006.07134,/abs/2006.13039,/abs/2110.06412,/abs/2202.08312
43,/abs/2004.00033,/abs/2205.01506,/abs/2307.13776,/abs/2306.07377,/abs/2212.08390,/abs/2203.08111,/abs/2307.03667,/abs/2302.00407,/abs/2204.12820,/abs/2309.11165,/abs/2111.01243
44,/abs/2004.00034,/abs/2012.08849,/abs/2111.04461,/abs/2203.07616,/abs/2305.07965,/abs/2307.11699,/abs/2303.13379,/abs/2203.06935,/abs/1502.02370,/abs/2001.05780,/abs/2105.02636
45,/abs/2004.00046,/abs/2210.08082,/abs/1908.11321,/abs/1902.03333,/abs/2004.04252,/abs/2201.00728,/abs/1703.06816,/abs/arXiv:2003.10734,/abs/1910.11848,/abs/2309.05170,/abs/2110.11206
46,/abs/2004.00048,/abs/2308.14328,/abs/1905.03389,/abs/2111.11647,/abs/1503.07609,/abs/2102.05710,/abs/1711.10907,/abs/2111.12144,/abs/2106.12177,/abs/2304.09599,/abs/1905.08006
47,/abs/2004.00049,/abs/2309.13956,/abs/2309.13956,/abs/2107.06050,/abs/2207.08134,/abs/2211.12123,/abs/2101.05278,/abs/2301.13402,/abs/2108.10201,/abs/2103.10426,/abs/2304.14403
48,/abs/2004.00050,/abs/2101.11978,/abs/2210.05715,/abs/2109.06050,/abs/2003.08385,/abs/2302.02813,/abs/2109.00475,/abs/2010.06432,/abs/2210.15954,/abs/2211.03061,/abs/2302.09852
49,/abs/2004.00053,/abs/2305.03010,/abs/2010.00906,/abs/2212.06264,/abs/2310.06816,/abs/2106.11384,/abs/2210.11049,/abs/2305.13257,/abs/2307.01881,/abs/2203.01451,/abs/2212.06264
50,/abs/2206.00001,/abs/2205.03286,/abs/2006.03847,/abs/2311.16834,/abs/2108.09588,/abs/2205.14120,/abs/2301.01751,/abs/2112.13112,/abs/2209.06528,/abs/2001.06538,/abs/2106.07861
51,/abs/2206.00003,,,,,,,,,,
52,/abs/2206.00005,/abs/2303.03227,/abs/2108.08875,/abs/2201.01820,/abs/2311.13810,/abs/1912.06184,/abs/2104.07106,/abs/1807.03253,/abs/2301.12505,/abs/2209.07577,/abs/2212.04209
53,/abs/2206.00006,/abs/2302.05428,/abs/2309.12723,/abs/2109.03560,/abs/2208.09905,/abs/2107.02168,/abs/2212.12041,/abs/2309.08478,/abs/1803.08823,,
54,/abs/2206.00007,/abs/2302.11466,/abs/2304.08602,/abs/2207.00838,/abs/2208.03392,/abs/2310.05269,/abs/2107.03428,/abs/2303.14483,/abs/2012.12169,/abs/2311.09540,/abs/2110.01167
55,/abs/2206.00024,/abs/2304.07048,/abs/2305.19674,/abs/2210.00928,/abs/1901.05353,/abs/2301.12776,/abs/2207.06917,/abs/2210.08486,/abs/2110.11216,/abs/1508.05170,/abs/2301.12776
56,/abs/2206.00026,/abs/2206.03635,/abs/2311.02408,/abs/1808.06885,/abs/2212.08206,/abs/1909.04352,/abs/2202.03629,/abs/2205.01398,/abs/2109.05199,/abs/2210.09894,/abs/2110.02883
57,/abs/2206.00035,/abs/2305.04672,/abs/2311.10725,/abs/2308.15906.abs,/abs/2308.03296,/abs/2202.01351,/abs/1506.05632,/abs/2205.11740,/abs/2311.12838,/abs/2202.03142,/abs/2006.14662.abs
58,/abs/2206.00047,/abs/2301.07845,/abs/2111.10221,/abs/2205.07649,/abs/2301.07845,/abs/2111.10221,/abs/2103.03097,/abs/2309.13005,/abs/2304.12122,/abs/2106.03171,/abs/2304.00424
59,/abs/2206.00048,/abs/2303.11296,/abs/2309.13167,/abs/2104.13702,/abs/2304.12944,/abs/2202.00046,/abs/2311.01573,/abs/2206.01992,/abs/2111.12221,/abs/2308.09592,/abs/2311.15561
60,/abs/2204.00003,/abs/2309.03640,/abs/2304.04565,/abs/2302.00123,/abs/2311.05237,/abs/2307.03353,/abs/2207.09851,/abs/2303.10559,/abs/2308.12288,/abs/2103.11399,/abs/2305.18555
61,/abs/2204.00004,/abs/2202.10062,/abs/2310.14103,/abs/2302.04054,/abs/2311.09766,/abs/2205.10687,/abs/2305.14889,/abs/2202.13610,/abs/2311.14465,/abs/2306.12916,/abs/2305.01937
62,/abs/2204.00005,/abs/2307.10495,/abs/2311.05501,/abs/2306.10440,/abs/2211.00119,/abs/2308.00142,/abs/2104.07784,/abs/2208.05834,/abs/2110.04250,/abs/2309.15627,/abs/2111.10989
63,/abs/2204.00006,/abs/2302.12717,/abs/2205.12549,/abs/2202.02850,/abs/2305.02456,/abs/2003.10409,/abs/2112.10852,/abs/1608.08337,/abs/2202.13361,/abs/2305.07612,/abs/2206.12680
64,/abs/2204.00008,/abs/2304.13410,/abs/2310.10427,/abs/2311.01323,/abs/2311.12051,/abs/2306.15931,/abs/2306.08565,/abs/2303.15109,/abs/2305.01361,/abs/2311.17087,/abs/2210.16117
65,/abs/2204.00011,/abs/2012.09995.abs,/abs/2307.03652,/abs/2307.12485,/abs/2206.04947,/abs/2310.08687,/abs/2304.11643,/abs/2311.07816,/abs/2212.12964,/abs/2308.02573,/abs/2301.01221
66,/abs/2204.00032,/abs/2207.10802,/abs/2310.11739,/abs/2309.05610,/abs/2208.12348,/abs/2111.09679,/abs/2303.12589,/abs/2306.17194,/abs/2310.03838,/abs/2308.01469,/abs/2310.08320
67,/abs/2204.00034,/abs/2306.12206,/abs/2210.16070,/abs/2105.02927,/abs/1909.11261,/abs/2311.10440,/abs/2311.13771,/abs/2209.03865,/abs/2201.11780,/abs/1910.10434,/abs/2311.10440
68,/abs/2204.00035,/abs/1906.04161,/abs/2307.15724,/abs/2009.12494,/abs/2311.00924,/abs/2210.12806,/abs/2106.14440,/abs/2007.03669,/abs/2105.07426,/abs/2311.11287,/abs/2305.17250
69,/abs/2204.00049,/abs/2112.15156,/abs/2212.07946,/abs/0705.1730,,,,,,,
70,/abs/1902.00006,/abs/1802.00682,/abs/2112.03184,/abs/1802.00682,/abs/1711.07414,/abs/2104.13299,/abs/2210.10849,/abs/2211.14797,/abs/1806.00069,/abs/2304.06715,/abs/2201.08164
71,/abs/1902.00009,/abs/1707.07140,/abs/1411.2410,/abs/2006.14210,/abs/2007.14614,/abs/2103.13614,/abs/2201.06590,/abs/2210.11910,/abs/1805.07353,/abs/1412.2458,/abs/1902.11186
72,/abs/1902.00014,/abs/1604.04164,/abs/1604.04164,/abs/1611.02453,/abs/1401.5853,/abs/1809.00134,/abs/2007.01610,/abs/1911.07229,/abs/2106.15513,/abs/2305.01248,/abs/1401.5850
73,/abs/1902.00016,/abs/1805.07802,/abs/2203.13203,/abs/2305.03899,/abs/2211.09121,/abs/1705.03341,/abs/1702.06463,/abs/2310.10307,/abs/2102.04906,/abs/2106.12096,/abs/2002.07684
74,/abs/1902.00020,/abs/1810.03772,/abs/2305.02735,/abs/1806.07069,/abs/2008.13260,/abs/0911.1826,/abs/1901.09228,/abs/2007.05923,/abs/0811.2475,/abs/1303.7163,/abs/1907.13036
75,/abs/1902.00023,/abs/2110.05256,/abs/2212.03644,/abs/2110.05256,/abs/1911.13151,/abs/2311.05566,/abs/2311.05428,/abs/2207.03871,,,
76,/abs/1902.00031,/abs/2210.03768,/abs/2305.11061,/abs/2208.04415,/abs/2203.07376,/abs/2210.16613,/abs/2306.11477,/abs/2103.00740,/abs/1909.01822,/abs/2201.01209,/abs/2305.13683
77,/abs/1902.00033,/abs/2209.06950,/abs/2311.08746,/abs/1402.1072,/abs/2305.15798,/abs/2305.15798,/abs/2305.10924,/abs/2306.03284,/abs/2304.08818,/abs/2306.00637,/abs/2306.04321
78,/abs/1902.00038,/abs/2205.04402,/abs/2206.12533,/abs/2201.10654,/abs/2203.09138,/abs/2307.05182,/abs/2304.09974,/abs/2205.04404,/abs/2201.10656,/abs/2206.09111,/abs/2109.11848
79,/abs/1902.00040,/abs/2207.02100,/abs/2305.07392,/abs/2104.02643,/abs/2306.14551,/abs/2309.14104,/abs/2207.09394,/abs/2002.10433,/abs/2008.07207,/abs/2004.01697,
80,/abs/2006.00025,,,,,,,,,,
81,/abs/2006.00028,/abs/2110.10924,/abs/2210.06575,/abs/2307.12400,/abs/2311.12398,/abs/2006.05123,/abs/2202.00182,/abs/2208.10002,/abs/2310.05717,/abs/2304.00157,/abs/2307.16254
82,/abs/2006.00030,/abs/2104.12536,/abs/2305.09296,/abs/2002.03792,/abs/2104.12536,/abs/2008.12507,/abs/2311.08720,/abs/1912.05322,/abs/2012.04467,/abs/2106.07988,/abs/1811.10308
83,/abs/2006.00031,/abs/2206.11815,/abs/2305.08146,/abs/2206.11815,/abs/2305.06984,/abs/2311.00310,/abs/2107.05132,/abs/2305.09975,/abs/2303.04851,/abs/2106.04102,/abs/2305.16349
84,/abs/2006.00037,/abs/2212.03068,/abs/2311.08206,/abs/2309.06395,/abs/1603.02729,/abs/2105.08169,/abs/1906.03022,/abs/2106.11650,/abs/2108.07206,/abs/2301.05832,/abs/2306.13302
85,/abs/2006.00038,/abs/2304.03601,/abs/2308.00685,/abs/2311.04872,/abs/2311.11258,/abs/1909.09153,/abs/2305.02729,/abs/2305.15976,/abs/2205.07920,/abs/2202.06533,/abs/2303.15604
86,/abs/2006.00040,/abs/2006.04583,/abs/1502.04803,/abs/1708.09686,/abs/2004.12166,/abs/1210.7269,/abs/1406.3700,/abs/2302.08886,/abs/1806.02590,/abs/2303.06483,
87,/abs/2006.00044,/abs/1906.10416,/abs/2011.12546,/abs/2111.11714,/abs/1601.04301,/abs/2310.01676,/abs/2203.01464,/abs/2005.02456,/abs/2309.02707,/abs/2012.10011,/abs/2207.01590
88,/abs/2006.00046,/abs/2103.01766,/abs/2103.10113,/abs/2012.06466,/abs/2108.02008,/abs/2101.03241,/abs/2201.10641,/abs/2201.10401,/abs/2112.01244,/abs/2005.10187,/abs/2011.08069
89,/abs/2006.00048,/abs/2212.07218,/abs/2305.05551,/abs/2307.13635,/abs/2303.12082,/abs/1606.03511,/abs/2307.11895,/abs/2208.04706,/abs/2104.14761,/abs/1606.03534,/abs/2203.13130
90,/abs/2211.00002,/abs/2302.06436,/abs/2209.05483,/abs/2302.06436,/abs/2311.15369,/abs/2308.08463,/abs/2209.14540,/abs/2308.02100,/abs/2010.13232,/abs/2210.12731,/abs/2307.05270
91,/abs/2211.00005,/abs/2202.06593,/abs/2104.04610,/abs/1509.01343,/abs/2310.10059,/abs/2110.05216,/abs/2207.04308,/abs/1611.09194,/abs/2302.02515,/abs/2306.10125,/abs/2206.07200
92,/abs/2211.00006,/abs/2308.04396,/abs/1606.07283,/abs/2303.13531,/abs/1603.09012,/abs/2105.13155,/abs/1911.06407,/abs/1201.1668,/abs/2204.04898,/abs/2103.16956,/abs/2309.17100
93,/abs/2211.00007,/abs/2303.05665,/abs/1907.09059,/abs/2205.10330,/abs/2209.09881,/abs/2102.07166,/abs/2306.05120,/abs/2310.05170,/abs/2107.00783,/abs/2207.09106,/abs/2210.03642
94,/abs/2211.00046,/abs/2208.12081,/abs/2304.09957,/abs/2303.15265,/abs/2205.03983,,,,,,
95,/abs/2211.00053,/abs/2212.10560,/abs/2303.02297,/abs/2310.01798,/abs/2305.14992,/abs/2305.13829,/abs/2308.03188,/abs/2303.04562,/abs/2311.09868,/abs/2310.13522,/abs/2310.01991
96,/abs/2211.00056,/abs/2207.12138,/abs/2302.01317,/abs/2202.06698,/abs/2303.14217,/abs/2304.08750,/abs/2207.04672,/abs/2102.02622,/abs/2203.15026,/abs/2303.06794,
97,/abs/2211.00057,/abs/1707.03599,/abs/1206.3933,/abs/2304.02020,/abs/2212.06574,/abs/1503.00673,/abs/2110.01871,/abs/1806.06351,/abs/2211.01348,/abs/2306.13186,/abs/1309.7949
98,/abs/2211.00058,/abs/2306.04335,/abs/2304.00353,/abs/1412.2494,/abs/2303.13379,/abs/1012.4752,/abs/2304.04780,/abs/2311.10777,/abs/1104.4966,/abs/2103.16654,/abs/2311.14734
99,/abs/2211.00061,/abs/2104.12492,/abs/2206.12551,/abs/2101.12432,/abs/1702.07733,/abs/2304.13849,/abs/2303.04117,/abs/2308.07924,/abs/2307.05258,/abs/2209.12895,/abs/2102.00945
100,/abs/2210.00001,/abs/2109.10003,/abs/2103.15493,/abs/2307.10106,/abs/2109.02951,/abs/2202.12376,/abs/2301.05595,/abs/1609.00119,,,
101,/abs/2210.00002,/abs/2310.11435,/abs/2210.16358,/abs/2201.06301,/abs/2306.16996,/abs/2301.11848,/abs/2311.17078,/abs/2202.12378,/abs/2102.03767,/abs/2109.09095,/abs/2306.01065
102,/abs/2210.00003,/abs/2012.01359,/abs/2212.02643,/abs/2011.04095,/abs/2310.04748,/abs/2111.05294,/abs/2303.08710,/abs/2311.13812,/abs/1904.06733,/abs/1911.00322,/abs/2203.14942
103,/abs/2210.00008,/abs/2112.01724,/abs/2307.05095,/abs/2208.07049,/abs/1909.06865,/abs/2102.04351,/abs/2308.01840,/abs/2204.10192,/abs/2305.10862,/abs/2207.00421,/abs/2306.05494
104,/abs/2210.00022,/abs/2201.07325,/abs/2204.01892,/abs/2205.03356,/abs/2111.10743,/abs/2211.14537,/abs/2209.03844,/abs/1902.01205,/abs/2311.13909,/abs/1208.5173,/abs/2310.00188
105,/abs/2210.00025,/abs/2210.00340,/abs/2302.03319,/abs/2306.09048,,,,,,,
106,/abs/2210.00026,,,,,,,,,,
107,/abs/2210.00030,,,,,,,,,,
108,/abs/2210.00032,,,,,,,,,,
109,/abs/2210.00034,,,,,,,,,,
110,/abs/2007.00003,/abs/2305.04765,/abs/2305.06902,/abs/2210.13530,/abs/2112.14093,/abs/2203.13726,/abs/2201.00448,/abs/2208.10360,/abs/2209.00038,/abs/2305.02710,/abs/math/0307278
111,/abs/2007.00024,/abs/2103.04909,/abs/2304.00022,/abs/2203.01909,/abs/2208.01862,/abs/2008.05984,/abs/1810.12778,/abs/2011.13332,/abs/2305.14644,/abs/2201.03916,/abs/2012.13681
112,/abs/2007.00028,/abs/2209.07116,/abs/2202.13441,/abs/2303.01135,/abs/2305.13471,/abs/2302.09235,/abs/2303.10758,/abs/2209.04188,/abs/2208.12591,/abs/2202.06915,/abs/2303.01462
113,/abs/2007.00033,/abs/1901.00240,/abs/1801.08737,/abs/1801.08323,/abs/2311.05514,/abs/2104.01667,/abs/2212.07996,/abs/2203.15178,/abs/1711.09123,,
114,/abs/2007.00045,/abs/1809.06186,/abs/2211.11278,/abs/2210.12870,/abs/2101.00214,/abs/2103.16624,/abs/1507.06021,/abs/2205.15111,/abs/2301.05296,/abs/2310.03927,/abs/1803.04765
115,/abs/2007.00046,/abs/1901.08688,/abs/1901.08688,/abs/1801.05365,/abs/1612.08712,/abs/1909.13354,/abs/2007.01193,/abs/2112.05640,/abs/1901.09290,/abs/1802.06360v1,/abs/1608.08614
116,/abs/2007.00047,/abs/2108.13865,/abs/2307.09220,/abs/2307.09220,/abs/2212.07629,/abs/2103.05423,/abs/2207.01223,/abs/2307.05826,/abs/2304.09854,/abs/1912.10230,/abs/2001.05566
117,/abs/2007.00049,/abs/2104.02797,/abs/2306.04597,/abs/2307.01595,/abs/2011.12465,/abs/2310.11991,/abs/2109.14039,/abs/2311.17259,/abs/2306.03819,/abs/2210.14975,/abs/2309.00770
118,/abs/2007.00051,/abs/2311.17049,/abs/2303.08983,/abs/2110.07040,/abs/2106.11119,/abs/2210.09648,/abs/2210.10305,/abs/2208.08232,/abs/2212.10465,/abs/2305.13657,/abs/2305.00077
119,/abs/2007.00054,/abs/2110.02198,/abs/2203.06079,/abs/2108.06385,/abs/2109.12219,/abs/2104.09091,/abs/2303.13558,/abs/2009.10461,/abs/2104.12556,/abs/2106.01315,/abs/2008.08150
120,/abs/1903.00001,/abs/2008.02957,/abs/1903.04711,/abs/2008.02957,/abs/2306.10676,/abs/2109.08330,/abs/1907.00300,/abs/1803.00663,/abs/2204.05798,/abs/2302.11106,/abs/1911.09846
121,/abs/1903.00027,/abs/2003.14210,/abs/2003.14210,/abs/1912.03905,/abs/2210.07105,/abs/2209.02562,/abs/1912.12482,/abs/2306.05445,/abs/2112.03235,/abs/2103.03104,/abs/1910.10897
122,/abs/1903.00029,/abs/2307.12916,/abs/2307.12916,/abs/2308.03516,/abs/2209.02589,/abs/1503.00941,/abs/2106.03545,/abs/2209.02589,/abs/2201.06678,/abs/2301.07537,/abs/1907.04505
123,/abs/1903.00035,/abs/2204.08458,/abs/2206.01309,/abs/2307.04771,/abs/1810.12690,,,,,,
124,/abs/1903.00036,/abs/1806.08574,/abs/1910.06149,/abs/2203.04021,/abs/2203.04021,/abs/2307.13209,/abs/2107.03746,/abs/2109.02109,/abs/2106.10331,/abs/1910.00910,/abs/2201.01361
125,/abs/1903.00040,,,,,,,,,,
126,/abs/1903.00041,/abs/2004.05757,/abs/2203.13867,/abs/2211.11297,/abs/2103.11088,/abs/2210.12499,/abs/2206.14579,/abs/2203.09486,/abs/2104.06951,/abs/2101.10382,/abs/1907.05190
127,/abs/1903.00045,/abs/2108.06322,/abs/2301.11913,/abs/2305.12213,/abs/2012.12544,/abs/2004.03072,/abs/1908.10920,/abs/2106.14089,/abs/2104.08364,/abs/1903.11314,/abs/2304.08320
128,/abs/1903.00048,/abs/2103.06035,/abs/2103.06035,/abs/2310.18150,/abs/2205.08208,/abs/2109.01417,/abs/2212.01958,/abs/2309.08070,/abs/2311.13994,/abs/2311.13371,/abs/2208.02415
129,/abs/1903.00058,/abs/2109.06604,/abs/2109.11136,/abs/2204.06175,/abs/2301.05380,/abs/2205.12230,/abs/2109.06604,/abs/2301.12866,/abs/2204.12608,/abs/2305.16599,/abs/2205.11211
130,/abs/2205.00001,/abs/2303.17075,/abs/2107.13704,/abs/2209.03430,,,,,,,
131,/abs/2205.00002,/abs/2307.11114,/abs/2001.01109,/abs/2308.12411,/abs/2001.01109,/abs/2103.15100,/abs/2306.11232,/abs/2212.01354,/abs/1303.2071,/abs/1703.02245,/abs/1812.00136
132,/abs/2205.00029,/abs/2305.12647,/abs/2305.10528,/abs/2309.07864,/abs/2309.11065,/abs/2309.08583,/abs/2201.01289,/abs/2309.14365,/abs/2010.12251,/abs/2304.12479,/abs/2309.16639
133,/abs/2205.00030,/abs/2207.07748,/abs/1405.0370,/abs/2207.10836,/abs/2108.02990,/abs/2207.10836,/abs/2304.03561,/abs/2208.00086,/abs/2202.06247,,
134,/abs/2205.00033,,,,,,,,,,
135,/abs/2205.00034,,,,,,,,,,
136,/abs/2205.00042,,,,,,,,,,
137,/abs/2205.00047,,,,,,,,,,
138,/abs/2205.00048,,,,,,,,,,
139,/abs/2205.00049,,,,,,,,,,
140,/abs/2201.00001,/abs/2307.16092,/abs/2306.08445,/abs/2303.14291,,,,,,,
141,/abs/2201.00002,/abs/2310.00824,/abs/1702.06851,/abs/2308.01378,/abs/2301.06235,/abs/2305.12496,/abs/2305.06652,/abs/2308.00358,/abs/2209.12734,/abs/2304.02078,/abs/2303.01499
142,/abs/2201.00003,/abs/2110.14444,/abs/1703.09917,/abs/2209.07635,/abs/1808.04656,,,,,,
143,/abs/2201.00005,/abs/2308.02730,/abs/2308.05110,/abs/2206.12551,/abs/2305.15629,/abs/1702.07733,/abs/2304.04780,/abs/2311.13015,/abs/2007.06566,/abs/1607.07751,/abs/2303.17408
144,/abs/2201.00006,/abs/2303.10828,/abs/2305.16145,/abs/2211.14426,/abs/2206.11996,/abs/2310.10856,/abs/2112.10107,/abs/1905.05717,/abs/2210.13378,/abs/2104.10340,/abs/2310.02435
145,/abs/2201.00007,/abs/2306.06634,/abs/2203.14001,/abs/2311.15231,/abs/2208.08090,/abs/2302.11472,/abs/2212.11511,/abs/2305.08096,/abs/2308.04268,/abs/2202.13663,/abs/2303.08360
146,/abs/2201.00008,/abs/2308.07496,/abs/2301.10938,/abs/2302.11974,/abs/2311.02880,/abs/2311.16038,/abs/2206.09113,/abs/2202.12586,/abs/2303.14483,/abs/2307.00518,/abs/2310.13135
147,/abs/2201.00009,/abs/2211.08115,/abs/2308.00710,/abs/2311.14227,/abs/1712.06302,/abs/2207.00157,/abs/2104.04945v1)%3C%22,/abs/2302.08878,/abs/2104.04945,/abs/2309.11267,/abs/2207.14408
148,/abs/2201.00011,/abs/2307.11285,/abs/2301.00389,/abs/2301.08968,/abs/2208.11311,/abs/2109.14611,/abs/2012.00632,/abs/2301.05849,/abs/2210.01973,/abs/2302.04464,/abs/2302.12156
149,/abs/2201.00012,/abs/2310.05871,/abs/2307.15217,/abs/2310.05563,/abs/2310.17769,/abs/2311.17017,/abs/2212.10720,/abs/2310.06176,/abs/2310.19852,/abs/2310.17551,/abs/2308.05585
150,/abs/1907.00025,/abs/2209.09201,/abs/1912.08927,/abs/2307.14198,/abs/2304.06580,/abs/2208.01087,/abs/2301.10403,/abs/1705.04192,/abs/2307.00879,/abs/2107.06656,/abs/2009.11024
151,/abs/1907.00031,/abs/2111.02947,/abs/2007.00642,/abs/2010.15750,/abs/2111.02947,/abs/2010.15750,/abs/2007.00642,/abs/2008.01998,/abs/2211.08745,/abs/2305.03984,/abs/2112.12194
152,/abs/1907.00033,/abs/1909.08065,/abs/1811.02687,/abs/2110.05230,/abs/2303.01246,/abs/2104.13860,/abs/2207.06874,/abs/2003.01683,/abs/2112.00604,/abs/2001.05051,/abs/2103.09139
153,/abs/1907.00038,/abs/2310.19573,/abs/2203.16225,/abs/2307.01582,/abs/2203.03724,/abs/2310.07342,/abs/2210.14369,/abs/2305.01509,/abs/2111.10685,/abs/2304.12479,/abs/2104.09394
154,/abs/1907.00039,/abs/1907.04877,/abs/1907.04877,/abs/1907.00198,/abs/2103.14426,/abs/1912.08578,/abs/2006.09540,/abs/2202.12069,/abs/2109.00862,/abs/2101.06091,/abs/2311.05115
155,/abs/1907.00042,,,,,,,,,,
156,/abs/1907.00048,/abs/2311.07602,/abs/2103.03013,/abs/2002.02989,/abs/2311.15730,/abs/1912.11930,/abs/2207.14357,/abs/2311.12808,/abs/2307.09371,/abs/2009.02737,/abs/2203.02550
157,/abs/1907.00050,/abs/2311.07874,/abs/2311.15730,/abs/2211.04369,/abs/2306.14052,/abs/2107.12295,/abs/2209.09570,/abs/2306.03282,/abs/1502.01916,/abs/1908.06362,/abs/1903.10970
158,/abs/1907.00053,/abs/2107.13681,/abs/1912.06197,/abs/1903.02637,/abs/2007.15642,/abs/1812.04401,/abs/2307.01939,/abs/2109.11422,/abs/2211.02996,/abs/1702.05704,/abs/1809.07430
159,/abs/1907.00056,/abs/1805.02405,/abs/2104.02999,/abs/2306.01498,/abs/2205.02815,/abs/2108.07759,/abs/2005.01638,/abs/2308.12405,/abs/1805.12059,/abs/2007.12825,/abs/1611.09400
160,/abs/2003.00003,/abs/2003.12470,/abs/2103.08576,/abs/2201.11860,/abs/1712.10222,/abs/2107.10070,/abs/2207.11615,/abs/2005.14676,/abs/1910.09775,/abs/1903.07602,/abs/2104.04293
161,/abs/2003.00010,/abs/2205.12173,/abs/2303.10434,/abs/2102.08166,/abs/2305.13856,/abs/2107.01477,/abs/2307.07980,/abs/2205.12173,/abs/2302.01772,/abs/2110.03991,/abs/2206.04568
162,/abs/2003.00030,/abs/2209.08466,/abs/1906.10717,/abs/2306.17366,/abs/2310.06253,/abs/2305.12663,/abs/2310.19927,/abs/2306.07741,/abs/2204.01464,/abs/2307.01708,/abs/2104.04901
163,/abs/2003.00032,/abs/2307.06763,/abs/2012.08961,/abs/2011.13344,/abs/1807.08203,/abs/2012.08959,/abs/1907.07761,/abs/1804.04487,/abs/2110.11755,/abs/1711.03829,/abs/2301.07422
164,/abs/2003.00040,/abs/2306.01613,/abs/2004.11514,/abs/2012.01274,/abs/2308.07553,/abs/2108.04206,/abs/2105.03592,/abs/1911.03432,/abs/2207.11719,/abs/2303.06302,/abs/2305.03559
165,/abs/2003.00045,/abs/1907.04527,/abs/1907.04527,/abs/2205.13231,/abs/1908.11431,/abs/2307.06081,/abs/2205.12388,/abs/1612.01626,/abs/2209.02575,/abs/2106.16067,/abs/2308.09438
166,/abs/2003.00051,/abs/1704.01788,/abs/2004.09005,/abs/2004.05076,/abs/1605.00677,/abs/1707.01869,,,,,
167,/abs/2003.00052,/abs/2203.01923,/abs/2209.10840,/abs/2103.03319,/abs/2303.13190,/abs/1905.03244,/abs/2112.00236,/abs/2203.15224,/abs/2303.03315,/abs/2107.11646,/abs/2304.06342
168,/abs/2003.00054,/abs/2104.11787,/abs/2201.02180,/abs/2202.03270,/abs/2208.08918,/abs/1509.08035,/abs/2209.06977,/abs/2301.10315,/abs/1905.13455,/abs/1911.11181,/abs/2301.01095
169,/abs/2003.00056,/abs/2202.00516,/abs/2202.00516,/abs/2202.00514,/abs/2202.00515,/abs/2205.06995,/abs/2201.12918,/abs/2201.12590,/abs/2201.12905,/abs/2211.14490,/abs/1903.06232
170,/abs/2011.00001,/abs/2102.08349,/abs/1910.10412,/abs/1109.6675,/abs/2307.00401,/abs/1809.10767,/abs/2005.01921,/abs/1605.05102,/abs/0808.1991,/abs/2205.12437,/abs/2201.12248
171,/abs/2011.00023,/abs/1704.04135,/abs/2112.11006,/abs/2110.02819,/abs/2206.00088,/abs/2303.11659,/abs/2212.14311,/abs/1907.13099,/abs/2302.04653,/abs/2204.02343,/abs/1812.00683
172,/abs/2011.00029,/abs/2211.10743,/abs/2211.04920,/abs/2211.10743,/abs/2301.02507,/abs/2210.03774,/abs/2210.08955,/abs/2301.02507,/abs/2210.03774,/abs/2210.08955,/abs/2109.13213
173,/abs/2011.00032,/abs/2311.08354,/abs/2303.13630,/abs/2303.02386,/abs/2304.00346,/abs/2212.14199,/abs/2305.09793,/abs/2307.12664,/abs/2310.04795,/abs/2110.15344,/abs/2211.04310
174,/abs/2011.00033,/abs/2307.01377,/abs/2307.01381,/abs/2307.01377,/abs/2212.07850,/abs/2204.09595,/abs/2310.11141,/abs/2204.05352,/abs/2307.08217,/abs/2204.08920,/abs/2110.08250
175,/abs/2011.00034,,,,,,,,,,
176,/abs/2011.00038,/abs/2306.14923,/abs/2212.08148,/abs/2011.00054,/abs/2006.03987,/abs/2305.09936,/abs/2308.01050,/abs/2104.00273,/abs/2102.06286,/abs/2111.02977,/abs/2305.02008
177,/abs/2011.00043,/abs/2207.12817,/abs/2107.05989,/abs/2307.12241,/abs/2106.15101,/abs/2211.07290,/abs/2003.11461,/abs/2309.03238,/abs/2110.04249,/abs/2007.15815,/abs/2205.03235
178,/abs/2011.00045,/abs/2109.00843,/abs/2206.04956,/abs/2202.05345,/abs/2107.05079,/abs/2307.13769,/abs/2301.04441,/abs/2311.10896,/abs/2107.11718,/abs/2306.05433,/abs/1212.3980
179,/abs/2011.00047,/abs/2103.04091,/abs/1804.01410,/abs/1307.3843,/abs/1811.00850,/abs/2311.14202,/abs/2107.11708,/abs/2207.11220,/abs/2201.01541,/abs/1602.00649,/abs/2111.13003
180,/abs/2010.00004,/abs/2311.02996,/abs/2310.15761,/abs/2112.10673,/abs/2110.11577,/abs/2111.06740,/abs/2012.08108,/abs/2307.12786,/abs/1912.11628,/abs/1910.00738,/abs/2108.00086
181,/abs/2010.00029,/abs/2203.07975,/abs/2201.10154,/abs/2110.03898,/abs/2307.01930,/abs/2111.07176,/abs/2303.15136,,,,
182,/abs/2010.00030,/abs/2101.05694,/abs/2103.06047,/abs/2209.06130,/abs/2311.10863,/abs/1809.08345,/abs/2208.07756,/abs/2106.12111,/abs/2110.08436,/abs/2109.10106,/abs/2111.09475
183,/abs/2010.00038,/abs/2109.09483,/abs/2306.04618,/abs/2104.05947,/abs/2107.05104,,,,,,
184,/abs/2010.00048,/abs/2206.08349,/abs/2309.02427,/abs/2307.02477,/abs/2108.07258.abs%C3%82%C2%A0,/abs/2211.09110,/abs/2308.16149.abs,/abs/2303.18223,,,
185,/abs/2010.00051,/abs/2008.10682,/abs/2209.03465,/abs/2102.03357,/abs/2012.09088,/abs/2301.10782,/abs/2303.17691,/abs/2204.09579,/abs/2112.07824,/abs/2304.07253,/abs/2106.01288
186,/abs/2010.00052,/abs/2211.01941,/abs/2202.11431,/abs/1809.08379,/abs/2005.11052,/abs/2304.10854,/abs/2202.12100,/abs/2209.14965,/abs/2303.13316,/abs/2304.10987,/abs/2212.06391
187,/abs/2010.00055,/abs/2111.06077,/abs/2101.07720,/abs/2310.18868,/abs/2003.00824,/abs/2011.09941,/abs/2305.16873,/abs/2103.00483,/abs/2008.12378,/abs/2303.14552,/abs/2203.00920
188,/abs/2010.00057,/abs/2305.12454,/abs/2305.12038,/abs/2302.09355,/abs/1101.1826,/abs/2302.13952,/abs/2307.00675,/abs/2103.16158,/abs/1809.11101,/abs/1001.1031,/abs/1703.10998
189,/abs/2010.00058,/abs/2107.07596,/abs/2109.05265,/abs/2202.13220,/abs/2109.05265,/abs/2307.12761,/abs/2107.07596,/abs/2202.13220,/abs/2302.03860,/abs/2211.02432,/abs/2209.06535
190,/abs/2002.00002,/abs/2002.02408,/abs/2001.11250,/abs/1910.03635,/abs/2311.13979,/abs/2008.05345,/abs/2309.07018,/abs/1804.09338,/abs/1502.07718,/abs/2306.10378,/abs/1811.06799
191,/abs/2002.00008,/abs/2011.06208,/abs/2102.00533,/abs/2202.02684,/abs/2311.03955,/abs/2004.14941,/abs/2302.03549,/abs/2102.07525,/abs/1212.2460,/abs/2101.12564,/abs/2105.04405v1)%3C%22
192,/abs/2002.00009,/abs/2007.01733,/abs/1701.09000,/abs/1604.06764,/abs/2201.11524,/abs/1107.3430,/abs/1301.6705,/abs/2201.11524,/abs/2205.00621,/abs/2306.00420,/abs/1604.06764
193,/abs/2002.00025,/abs/2007.14823,/abs/2303.06349,/abs/2011.02159,/abs/2008.11674,/abs/2006.14123,/abs/1906.01005,/abs/2307.06398,/abs/1502.02367v3.abs,/abs/1801.01078,/abs/2202.02435
194,/abs/2002.00027,/abs/1909.09227,/abs/2110.04176,/abs/2001.11846,/abs/1902.05478,/abs/2001.11846,/abs/1909.09227,/abs/2204.05798,/abs/2307.08663,/abs/2112.06685,/abs/2006.08321
195,/abs/2002.00029,/abs/2002.03596,/abs/2002.04630,/abs/2002.03489,,,,,,,
196,/abs/2002.00031,/abs/2110.15494,/abs/2101.00904,/abs/2212.10141,/abs/2204.14027,/abs/2204.08514,/abs/2201.08891,/abs/1902.01226,/abs/2302.05988,/abs/2205.09234,/abs/2104.15138
197,/abs/2002.00037,/abs/2304.09957,/abs/2012.15715,/abs/2104.08388,/abs/2311.18034,/abs/2004.14958,/abs/2305.14189,/abs/1809.00013,/abs/1908.06625,/abs/2008.01391,/abs/1805.06297
198,/abs/2002.00040,/abs/2303.15299,/abs/1805.01551,/abs/2106.09899,/abs/2203.14527,/abs/2306.02309,/abs/1905.05863,/abs/2109.04822,/abs/2305.14666,/abs/2204.02593,/abs/2008.01321
199,/abs/2002.00041,/abs/1911.00936,/abs/2210.08794,/abs/2206.02416,/abs/2207.08942,/abs/1903.12436,/abs/1911.04594,/abs/2112.06868,/abs/2210.01760,/abs/1802.05814,
200,/abs/1906.00001,/abs/2303.08293,/abs/2205.09624,/abs/2205.09624,/abs/2303.06302,/abs/1910.07517,/abs/2307.16099,/abs/2102.07861,/abs/2110.13980,/abs/2101.10562,/abs/1810.00069
201,/abs/1906.00013,/abs/2209.02895,/abs/1708.09213,/abs/2204.09052,/abs/2108.05665,/abs/2211.09121,/abs/2304.08226,/abs/1912.10049,/abs/2311.08965,/abs/2302.09019,/abs/2212.10421
202,/abs/1906.00025,/abs/1803.02222,/abs/2308.11166,/abs/1808.04759,/abs/2306.03543,/abs/1805.06741,/abs/2107.14263,/abs/2110.08265,/abs/2202.02794,/abs/2212.00772,/abs/1904.06685
203,/abs/1906.00026,,,,,,,,,,
204,/abs/1906.00028,/abs/2006.06635,/abs/2112.06920,/abs/2311.12529,/abs/1609.06942,/abs/2111.08858,/abs/2105.00723,/abs/2206.13668,/abs/2301.00415,/abs/2110.08045,/abs/2001.04147
205,/abs/1906.00029,/abs/1712.03650,/abs/1404.0024,/abs/2006.05023,/abs/1610.09044,/abs/1507.03415,/abs/1903.08052,/abs/1708.08759,/abs/1906.11432,/abs/2208.09505,/abs/1803.10281
206,/abs/1906.00034,/abs/2211.15310,/abs/1204.1204,/abs/1901.05215,/abs/1204.1205,/abs/2010.09019,/abs/1801.08691,/abs/0706.1940,/abs/1309.4716,/abs/2106.09821,/abs/2203.04794
207,/abs/1906.00038,/abs/2301.02307,/abs/1507.06120,/abs/2310.05295,/abs/2311.01025,/abs/2301.08571,/abs/2310.04529,/abs/2305.12140,/abs/2306.02252,/abs/2308.04040,/abs/2104.01111
208,/abs/1906.00039,/abs/1204.3442,/abs/2105.10798,/abs/2104.06866,/abs/1805.12212,/abs/2301.12659,/abs/1108.0817,/abs/1612.01855,/abs/2309.02228,/abs/2106.12836,/abs/1008.3767
209,/abs/1906.00041,/abs/2306.11843,/abs/2302.11777,/abs/2110.15132,/abs/2310.00299,/abs/2210.10260,/abs/2104.14914,/abs/2106.03096,/abs/2203.14278,/abs/2201.09745,/abs/2111.09912
210,/abs/2202.00003,/abs/2112.01238,/abs/2306.02712,,,,,,,,
211,/abs/2202.00004,/abs/2011.05530,/abs/2011.05530,/abs/2104.08938,/abs/2203.13410,/abs/2310.10349,/abs/2305.00663,/abs/2206.09527,/abs/2309.04664,/abs/2309.04664,/abs/2303.03544
212,/abs/2202.00005,/abs/2207.10510,/abs/2108.08966,/abs/1906.00400,/abs/2012.13464,/abs/2204.06211,/abs/2111.04801,/abs/2205.03788,/abs/2308.05234,/abs/2105.01478,/abs/2001.07077
213,/abs/2202.00008,/abs/2302.04222,/abs/1807.11023,/abs/1602.03956,/abs/2104.11906,/abs/2110.05878,,,,,
214,/abs/2202.00009,/abs/2311.01428,/abs/2202.10991,/abs/2303.01949,/abs/2307.01210,/abs/2003.06516,/abs/2311.18245,/abs/2307.12369,/abs/2108.04174,/abs/2311.12842,/abs/2109.06980
215,/abs/2202.00035,/abs/2208.12212,/abs/2105.14044,/abs/2311.16941,/abs/2311.07682,/abs/1910.04329,/abs/2104.07713,/abs/1802.09386,/abs/2106.02797,/abs/2302.11234,/abs/2101.07361
216,/abs/2202.00045,/abs/2108.08262,,,,,,,,,
217,/abs/2202.00046,/abs/2302.07848.abs,/abs/2308.06025,/abs/2308.12866,/abs/2311.11642,/abs/2307.06307,/abs/2210.12683,/abs/2205.10587,/abs/2301.06281,/abs/2306.00559,/abs/2202.12972
218,/abs/2202.00047,/abs/2308.07557,/abs/2303.11825,/abs/2310.04529,/abs/2310.13718,/abs/2308.04076,/abs/2304.03288,/abs/2212.10121,/abs/2207.03616,/abs/2303.04059,/abs/2301.03109
219,/abs/2202.00050,/abs/2302.14696,/abs/2303.00609,/abs/2308.14039,/abs/2304.04211,/abs/2301.12984,/abs/2304.07147,/abs/2212.08583,/abs/2308.05350,/abs/2205.15688,/abs/2109.13157
220,/abs/1904.00001,/abs/2012.07919,/abs/2310.06726,/abs/2310.06726,/abs/2112.01771,/abs/2012.07919,/abs/2208.08982,/abs/1812.03057,/abs/1601.04126,/abs/2208.08982,/abs/2306.15007
221,/abs/1904.00003,/abs/2310.05378,/abs/2102.11235,/abs/2303.12115,/abs/2207.12196,/abs/2212.11932,/abs/2111.01778,/abs/2102.05477,/abs/2012.13675,/abs/2205.10161,/abs/2012.15230
222,/abs/1904.00004,/abs/2206.08786,/abs/2008.05261,/abs/2103.02917,/abs/1906.04148,/abs/2202.00396,/abs/2004.11480,/abs/2310.18911,/abs/1904.11230,/abs/2006.13400,/abs/2005.04412
223,/abs/1904.00008,/abs/1904.08498,,,,,,,,,
224,/abs/1904.00009,/abs/2211.03572,/abs/2004.01463,,,,,,,,
225,/abs/1904.00035,/abs/1910.12905,/abs/2204.01024,/abs/2204.01024,/abs/2306.11217,/abs/2112.11947,/abs/2302.06370,/abs/2207.02162,/abs/1704.02532,/abs/2105.06517,/abs/2209.02106
226,/abs/1904.00044,/abs/1904.03587,/abs/1902.06893,/abs/2310.04213,/abs/2007.07009,/abs/1902.10192,/abs/2301.12988,/abs/2304.06727,/abs/1803.03300,/abs/1303.3938,/abs/2008.02951
227,/abs/1904.00048,/abs/1906.11443,/abs/2105.03053,,,,,,,,
228,/abs/1904.00049,/abs/2002.08362,/abs/1912.11800,/abs/1910.05580,/abs/2302.01336,/abs/1911.00382,/abs/2305.06085,/abs/2304.11285,/abs/2011.08960,/abs/2206.02541,/abs/2002.12200
229,/abs/1904.00055,/abs/2107.05463,/abs/2103.00417,/abs/2106.14787,/abs/2309.03337,/abs/2009.02792,/abs/1902.08314,/abs/2107.12033,/abs/2009.05527,/abs/2101.02919,/abs/2106.03903
230,/abs/2012.00004,/abs/2011.07247,/abs/2008.03164,/abs/2011.03258,/abs/2310.10400,/abs/2011.14678,/abs/2106.03111,/abs/2103.07259,/abs/2007.11464,/abs/2205.06691,/abs/2010.12684
231,/abs/2012.00007,/abs/2103.15629,/abs/2208.11369,/abs/2208.06783,/abs/2311.15641,/abs/2303.07052,/abs/2207.12928,/abs/2207.13759,/abs/2204.08353,/abs/2205.01744,/abs/2206.10002
232,/abs/2012.00012,/abs/2310.07135,/abs/2211.16496,/abs/2305.14938,/abs/2306.02475,/abs/2101.07714,/abs/2110.15871,/abs/2305.03514,/abs/2109.15144,/abs/2306.00539,/abs/2212.09739
233,/abs/2012.00050,/abs/2011.13959,/abs/2205.14647,/abs/2110.08131,/abs/2111.02325,/abs/2106.09104,/abs/2202.08897,/abs/2010.04773,/abs/2103.05707,/abs/2103.12166,/abs/2311.07227
234,/abs/2012.00052,/abs/2309.04087,/abs/2302.14502,/abs/2207.00939,/abs/2306.00177,/abs/2203.09629,/abs/2311.09836,/abs/2210.12437,/abs/2205.10192,/abs/2212.10707,/abs/2305.17529
235,/abs/2012.00053,/abs/2206.14530,/abs/2209.12427,/abs/2206.10274,/abs/1603.02729,/abs/2203.12652,/abs/2301.09544,/abs/2212.03068,/abs/2301.05832,/abs/1702.04292,/abs/2212.01498
236,/abs/2012.00056,/abs/2212.01145,/abs/1905.07689,/abs/1910.11161,/abs/2209.09482,/abs/2211.10486,/abs/2309.14362,/abs/1912.00508,/abs/2108.06952,/abs/2306.10755,/abs/1904.00766
237,/abs/2012.00057,/abs/2306.10190,/abs/2311.13793,/abs/2303.10936,/abs/2311.10883,/abs/2301.09544,/abs/2311.17938,/abs/2302.10624,/abs/2112.01001,/abs/2309.07276,/abs/2310.12031
238,/abs/2012.00058,/abs/1703.00512,/abs/2302.10580,/abs/2311.10246,/abs/2003.08904,/abs/2306.03702,/abs/2107.06475,/abs/2303.08081,/abs/2210.09126,/abs/2311.09145,/abs/2110.12111
239,/abs/2012.00059,/abs/1810.10103,/abs/2310.06067,/abs/2301.07898,/abs/1912.11399,/abs/2304.13900,/abs/2103.10264,/abs/2012.00837,/abs/2107.05077,/abs/2311.17865,/abs/2204.14169
240,/abs/2001.00003,/abs/1909.07940,/abs/2203.05556,/abs/2109.03137,/abs/2109.07230,/abs/2205.03559,/abs/2109.03137,/abs/2303.07735,/abs/2212.02691,/abs/2208.11203,/abs/2112.06109
241,/abs/2001.00004,/abs/2106.04629,/abs/1807.06820,/abs/2006.00386,/abs/2304.14127,/abs/2306.06003,/abs/2001.04698,/abs/2001.07061,/abs/2012.10307,/abs/2104.08949,/abs/2105.02052
242,/abs/2001.00006,/abs/2106.09012,/abs/2308.07832,/abs/2305.17008,/abs/2305.12157,/abs/2205.01975,/abs/2305.16960,/abs/1510.02533,/abs/2207.00868,/abs/1806.10071,/abs/2006.05203
243,/abs/2001.00008,/abs/2209.11259,/abs/2105.06631,/abs/1906.04477,/abs/2211.16687,/abs/2201.08894,/abs/2009.10306,/abs/2207.08457,/abs/2207.12854,/abs/1909.07294,/abs/1907.00824
244,/abs/2001.00009,/abs/2303.07284,,,,,,,,,
245,/abs/2001.00012,/abs/2307.08970,/abs/2011.05578,/abs/2101.03655,/abs/1812.02282,/abs/2309.10280,/abs/2305.00359,/abs/2302.02173,,,
246,/abs/2001.00046,/abs/2308.01768,/abs/2301.02119,/abs/2305.06058,/abs/2311.03109,/abs/2101.11714,/abs/1910.00993,/abs/2302.09019,/abs/2209.14808,/abs/1609.04541,/abs/2109.15200
247,/abs/2001.00047,/abs/2112.09941,/abs/2307.12422,/abs/2211.01291,/abs/2201.00858,/abs/2306.03045,/abs/1902.10865,/abs/2309.14618,/abs/2309.02173,/abs/1906.10311,/abs/2107.13444
248,/abs/2001.00048,/abs/2201.09463,/abs/2311.04160,/abs/2110.00910,/abs/2208.10172,/abs/2301.02561,/abs/2105.12374,/abs/2307.12718,/abs/2303.03659,/abs/2106.08961,/abs/2105.12374v1)%3C%22
249,/abs/2001.00051,/abs/2310.03147,/abs/2303.02399,/abs/2111.06334,/abs/1304.6777,/abs/2207.00907,/abs/1907.12700,/abs/1705.03172,/abs/1807.06588,/abs/2311.07586,/abs/2105.11276
250,/abs/1905.00003,/abs/2111.00120,/abs/1401.2507,/abs/2002.08108,/abs/2004.01492,/abs/2103.02589,/abs/2101.00486,/abs/2309.13133,/abs/1501.01571,/abs/1104.4302,/abs/2307.10055
251,/abs/1905.00006,/abs/2306.14104,/abs/2211.09098,/abs/2203.01682,/abs/1911.11314,/abs/1903.07868,/abs/2303.07065,/abs/2106.05499,/abs/2302.05673,/abs/1912.04423,/abs/2211.02213
252,/abs/1905.00007,/abs/2212.08896,/abs/2304.08870,/abs/2112.00281,/abs/2112.06909,/abs/2105.14739,/abs/2204.06160,/abs/2107.10984,/abs/2208.12752,/abs/2206.02717,/abs/2112.01422
253,/abs/1905.00011,/abs/2209.12505,/abs/2103.14522,/abs/2306.13080,/abs/2311.09657,/abs/1910.11568,/abs/2002.12092,/abs/2105.12078,/abs/2208.08221,/abs/1808.03434,/abs/2210.15350
254,/abs/1905.00044,/abs/2111.07244,/abs/2111.07244,/abs/2010.05127,/abs/2210.13755,/abs/2011.00817,/abs/2211.10398,/abs/2311.03230,/abs/2301.07007,/abs/2310.04548,/abs/2007.07515
255,/abs/1905.00050,/abs/2104.09496,/abs/2102.07092,/abs/2007.11460,/abs/2009.05769,/abs/2107.11813,/abs/2303.13505,/abs/2107.10771v1)%3C%22,/abs/2107.10771,/abs/1912.00381,/abs/1906.03349
256,/abs/1905.00052,/abs/2103.12982,/abs/1904.06813,/abs/2306.04833,/abs/1708.04479,/abs/2012.04681,/abs/1712.10110,/abs/2211.11518,/abs/2203.12267,/abs/2203.13561,/abs/2302.01255
257,/abs/1905.00055,/abs/2204.01815,/abs/2204.01815,/abs/2010.08899,/abs/2303.02851,/abs/2307.08857,/abs/2305.07001,/abs/2109.12839,/abs/2305.05065,/abs/2307.02046,/abs/2302.02579
258,/abs/1905.00060,/abs/1808.04702,/abs/2211.00807,/abs/2210.04388,/abs/2307.05232,/abs/2112.12143,/abs/2101.01308,/abs/2203.14258,/abs/2203.15082,/abs/2102.06583,/abs/2205.14195
259,/abs/1905.00062,/abs/2305.01946,/abs/1104.2475,/abs/1512.00602,/abs/quant-ph/0307049,/abs/quant-ph/0307074,/abs/1903.09051,/abs/0904.4073,/abs/2305.01345,/abs/1911.02565,/abs/quant-ph/9905056
260,/abs/2203.00001,/abs/2311.11450,/abs/2205.11751,/abs/2010.06185,,,,,,,
261,/abs/2203.00002,,,,,,,,,,
262,/abs/2203.00003,/abs/2301.12095,/abs/2306.08218,/abs/2305.00478,/abs/2208.13273,/abs/2311.07849,/abs/2212.14365,/abs/2303.18055,/abs/2211.15664,/abs/2301.12782,/abs/2302.13368
263,/abs/2203.00004,/abs/2204.02951,/abs/2005.05052,/abs/1709.04153,/abs/1409.8359,/abs/1601.04364,/abs/1609.06100,/abs/2110.13363,/abs/1103.0733,/abs/2107.10927,/abs/1907.06846
264,/abs/2203.00006,/abs/2302.08917,/abs/2305.18096,/abs/2211.05869,/abs/2204.08920,/abs/2207.06670,/abs/2207.01893,/abs/2305.13512,/abs/2106.13045,/abs/2303.03329,/abs/2305.13516
265,/abs/2203.00007,/abs/2210.09043,/abs/2306.04144,/abs/1909.02902,/abs/2306.06194,/abs/2210.07098,/abs/2002.09693,/abs/2201.00008,/abs/1908.10218,/abs/2106.16046,/abs/2205.15218
266,/abs/2203.00035,/abs/2209.04808,/abs/2303.10665,/abs/2209.07437,/abs/2301.06889,/abs/2107.04050,/abs/2306.17052,/abs/2209.03491,/abs/2002.04131,/abs/2303.10257,/abs/2307.06175
267,/abs/2203.00041,/abs/2209.06261,/abs/2205.14764,,,,,,,,
268,/abs/2203.00043,/abs/2310.08418,/abs/2308.08164,/abs/2004.06348,/abs/2104.13050,/abs/2208.07898,/abs/2303.10500,/abs/1703.06939,/abs/1804.05141,/abs/1001.2270,/abs/1004.4477
269,/abs/2203.00045,/abs/2010.14995,/abs/1905.00329,/abs/2002.00097,/abs/2106.09624,/abs/1209.5779,/abs/1608.04467,/abs/1904.06755,/abs/1702.02967,/abs/1706.03241,/abs/2011.02453
270,/abs/2106.00001,/abs/2207.00160,/abs/2207.00160,/abs/2106.13756,/abs/2305.13865,/abs/2303.01256,/abs/2307.07604,/abs/2302.09483,/abs/2303.12241,/abs/2308.06239,/abs/2305.00316
271,/abs/2106.00002,/abs/2107.14060,,,,,,,,,
272,/abs/2106.00003,/abs/1905.10194,/abs/2310.14206,/abs/1612.04035,/abs/2203.05082,/abs/2103.13962,/abs/2205.09702,/abs/2106.06044,/abs/2111.03598,/abs/2307.00908,/abs/2112.12297
273,/abs/2106.00007,,,,,,,,,,
274,/abs/2106.00008,/abs/2311.05787,/abs/2208.03322,/abs/2102.06504,/abs/2309.04699,/abs/2212.04971,/abs/2304.05543,/abs/2309.07672,/abs/2303.17078,/abs/2311.03776,/abs/1908.04463
275,/abs/2106.00010,/abs/2310.04715,/abs/2208.11308,/abs/2302.10377,/abs/2306.03177,/abs/2205.10401,/abs/2303.06379,/abs/2307.13888,/abs/2302.13063,/abs/2109.09686,/abs/2111.04904
276,/abs/2106.00011,/abs/2105.14731,/abs/2208.05282,/abs/2310.05034,/abs/2305.17321,/abs/2205.07518,/abs/2012.04861,/abs/2110.00492,/abs/2202.01032,/abs/2111.06978,/abs/2201.05632
277,/abs/2106.00012,/abs/2203.12330,/abs/1812.09764,/abs/2307.10865,/abs/1802.04443,/abs/2302.03132,/abs/2111.13171,/abs/2204.08624,/abs/2311.04592,/abs/2304.02223,/abs/2111.15651
278,/abs/2106.00014,/abs/2105.03155,/abs/1512.00036,/abs/2308.07687,/abs/2010.10274,/abs/2310.19427,/abs/2306.10125,/abs/1702.01373,/abs/2301.11514,/abs/2211.16199,/abs/2101.04562
279,/abs/2106.00026,/abs/2109.13901,/abs/2202.04836,/abs/2211.08064,/abs/2205.12262,/abs/2305.05375,/abs/2210.07237,/abs/2208.08236,/abs/2203.16797,/abs/2305.10706,/abs/2202.05476
280,/abs/2304.00001,/abs/2008.08265,/abs/2206.01884,/abs/2307.03076,/abs/2110.15432,/abs/1611.04782,/abs/2108.10457,/abs/1809.04256,/abs/2304.12600,/abs/1906.03721,/abs/2304.06974
281,/abs/2304.00002,/abs/2311.11797,/abs/2310.06846,/abs/2311.11567,/abs/2307.03109,/abs/2310.09036,/abs/2303.13379,/abs/2304.01481,/abs/2112.14005,/abs/2306.06687,/abs/2311.18044
282,/abs/2304.00004,/abs/2206.03739,/abs/2304.03323,/abs/2308.06480,/abs/2305.14208,/abs/2308.02620,/abs/1512.09070,/abs/2304.05755,/abs/2306.00434,/abs/2305.18703,/abs/2210.07370
283,/abs/2304.00005,/abs/1612.01955,/abs/2210.04239,/abs/1307.3460,/abs/1104.1110,/abs/0902.1232,/abs/1307.3460,/abs/1605.04576,/abs/1905.12294,/abs/1908.08002,/abs/0912.5284
284,/abs/2304.00006,/abs/2305.18703,/abs/2301.10009,/abs/2201.01943,/abs/2206.04853,/abs/2204.06611,/abs/math/0311063,/abs/1908.02624,/abs/1907.04659,/abs/2007.10477,
285,/abs/2304.00007,/abs/2307.01232,,,,,,,,,
286,/abs/2304.00008,/abs/2310.11158,/abs/2309.14556,/abs/2309.14556.abs),/abs/2307.10811,/abs/2310.05057,/abs/2311.08401,/abs/2306.02295,/abs/2302.12832,/abs/2306.11167,/abs/2311.13051
287,/abs/2304.00009,/abs/2302.06205,/abs/2301.01919,/abs/2106.00136,/abs/2207.00964,/abs/2203.02896,/abs/2305.02128,/abs/2110.13484,/abs/2310.02435,/abs/2206.11054,/abs/2305.13936
288,/abs/2304.00010,/abs/2303.15735,/abs/2208.12815,/abs/2303.15754,/abs/2302.03950,/abs/2307.10169,/abs/2111.06061,,,,
289,/abs/2304.00011,/abs/1407.8029,/abs/2203.05779,/abs/1906.12245,/abs/1805.04320,/abs/2205.14214,/abs/1808.01923,/abs/2001.05543,/abs/1807.05131,/abs/1908.02273,/abs/2110.13358
290,/abs/2305.00001,/abs/2107.05948,/abs/2210.04142,/abs/2301.00818,/abs/1712.08249,/abs/2311.01475,/abs/2101.02767,/abs/2003.08429,/abs/2010.11732,/abs/1608.06669,/abs/2307.08591
291,/abs/2305.00003,/abs/2103.14104,/abs/2209.05583,/abs/2309.11814,/abs/2204.06386,/abs/2211.10949,/abs/2212.10948,/abs/1901.10669,/abs/2302.14397,/abs/2203.03735,/abs/2311.17319
292,/abs/2305.00004,/abs/2105.11397,/abs/2311.05128,/abs/2212.00026,/abs/2211.03022,/abs/2110.09360,/abs/1905.09395,/abs/1501.03975,/abs/2307.10678,/abs/2308.05750,
293,/abs/2305.00011,/abs/2308.04960,/abs/2308.04960,/abs/1911.10143,/abs/2309.15087,/abs/2306.16071,/abs/2306.16069,/abs/2307.13343,/abs/2305.05227,,
294,/abs/2305.00026,,,,,,,,,,
295,/abs/2305.00028,,,,,,,,,,
296,/abs/2305.00032,,,,,,,,,,
297,/abs/2305.00033,,,,,,,,,,
298,/abs/2305.00034,,,,,,,,,,
299,/abs/2305.00035,,,,,,,,,,
300,/abs/2107.00001,/abs/1205.2691,/abs/2109.07321,/abs/1809.04017,/abs/2203.04366,/abs/1108.1925,/abs/2305.06528,/abs/2207.03536,/abs/0909.1771,/abs/2111.02239,/abs/2303.01378
301,/abs/2107.00002,/abs/2107.00002v1)%3C%22,/abs/1906.06543.abs%5C%22,/abs/2301.00704,/abs/2206.03698,/abs/2303.13051,/abs/1703.10580,/abs/2311.02863,/abs/2008.12595,/abs/2309.03686,/abs/1801.00602
302,/abs/2107.00003,/abs/2208.11436,/abs/1807.00051,/abs/2203.04607,/abs/2310.17626,/abs/1801.00553,/abs/2303.06302,/abs/2311.01473,/abs/2303.10653,/abs/2302.04379,/abs/2205.00403
303,/abs/2107.00005,/abs/2304.10241,/abs/2308.02716,/abs/2112.08122,/abs/2211.13551,/abs/2203.02131,/abs/2111.10371,/abs/2202.09487,/abs/2209.01435,/abs/2307.01232,/abs/2307.12792
304,/abs/2107.00032,/abs/2109.14711,/abs/2111.01872,/abs/2308.04831,/abs/2305.11537,/abs/2205.13619,/abs/2306.08056,/abs/2202.01666,/abs/2207.12515,/abs/2110.09253,/abs/2108.07700
305,/abs/2107.00042,/abs/2303.10128,/abs/1904.00812,/abs/2307.12896,/abs/2310.07387,/abs/1904.00812,/abs/1605.01661,/abs/1412.2486,/abs/2208.10384,/abs/0910.2471,/abs/1910.01036
306,/abs/2107.00045,/abs/1911.04794,,,,,,,,,
307,/abs/2107.00051,/abs/2107.00051v1)%3C%22,/abs/2105.10056,/abs/2207.11447,/abs/2311.16584,/abs/2308.13265,/abs/2311.08479,/abs/2211.04742,/abs/2208.07978,/abs/2301.08968,/abs/2307.10616
308,/abs/2107.00052,/abs/2202.07262,/abs/2306.05100,/abs/2302.00999,/abs/2306.06305,/abs/2210.05995,/abs/2306.16502,/abs/2302.14043,/abs/2210.13831,/abs/2205.15614,/abs/2111.08611
309,/abs/2107.00055,/abs/2305.01094,/abs/2304.06879,/abs/2202.00628,/abs/2207.05777,/abs/2203.17232,/abs/2306.02832,/abs/2011.03885,/abs/2211.05639,/abs/2301.00521,
310,/abs/2105.00001,/abs/2104.14833,/abs/2005.00140,/abs/2208.07045,/abs/2102.01420,/abs/1707.09300,/abs/2302.08244,/abs/2207.11477,/abs/2208.07643,/abs/2005.04830,/abs/2301.00597
311,/abs/2105.00002,/abs/2110.10980,/abs/2111.04380,/abs/2305.02231,/abs/2305.02231,/abs/2103.15746,/abs/2307.03198,/abs/2306.06749,/abs/2111.05071,/abs/2302.08500,/abs/2206.09887
312,/abs/2105.00013,/abs/2305.09390,/abs/2302.13161,/abs/2207.07738,/abs/1809.02609,/abs/1809.02609,/abs/2302.13161,/abs/1401.3936,/abs/2211.10974,/abs/2311.01338,/abs/2310.18820
313,/abs/2105.00017,/abs/2111.03280,/abs/1908.07342,/abs/2007.01859,/abs/2006.05921,,,,,,
314,/abs/2105.00020,/abs/2311.11642,/abs/2209.00698,/abs/2103.09882,/abs/2304.11685,/abs/2103.01520,/abs/1802.04636,/abs/2307.10129,/abs/1809.06647,/abs/2311.18605,
315,/abs/2105.00024,,,,,,,,,,
316,/abs/2105.00027,,,,,,,,,,
317,/abs/2105.00030,,,,,,,,,,
318,/abs/2105.00033,,,,,,,,,,
319,/abs/2105.00039,,,,,,,,,,
320,/abs/2307.00008,/abs/2303.15619,/abs/2303.11403,/abs/2211.15029,/abs/2305.14577,/abs/2302.02060,/abs/2201.05273,/abs/1905.02450,/abs/2310.09930,/abs/2306.12205,/abs/2307.10169
321,/abs/2307.00009,/abs/2104.01717,/abs/1804.06223,/abs/2104.14056,/abs/2110.10601,/abs/2308.05558,/abs/2311.17662,/abs/2012.10951,/abs/2311.09088,/abs/2103.02330,/abs/1711.07863
322,/abs/2307.00012,/abs/2112.12331,/abs/2208.14799,/abs/2302.09330,/abs/2303.09755,/abs/2302.10594,/abs/2311.18768,/abs/2305.04735,/abs/2305.00418,/abs/2308.10620,/abs/2305.12138
323,/abs/2307.00014,/abs/2303.03757,/abs/2309.09696,/abs/2302.11089,/abs/2308.14039,/abs/2308.01618,/abs/2001.04061,/abs/2006.12567,/abs/2007.06727,/abs/2310.04729,/abs/2310.13452
324,/abs/2307.00016,/abs/2305.12665,/abs/2202.02734,/abs/2206.03612,/abs/1804.08964,/abs/2309.06555,/abs/1901.04407,/abs/2308.02176,/abs/2306.01971,/abs/2306.09304,/abs/2210.10876
325,/abs/2307.00020,,,,,,,,,,
326,/abs/2307.00021,,,,,,,,,,
327,/abs/2307.00028,/abs/1809.08909,/abs/1911.02683,/abs/2302.02908,/abs/2210.04150,/abs/1812.01207,/abs/2206.09355,/abs/2112.14757,/abs/2007.00875,/abs/2306.15880,/abs/2212.03230
328,/abs/2307.00035,/abs/2304.05543,/abs/2303.15827,/abs/2306.14390,/abs/2106.14103,/abs/2212.02861,/abs/2301.02673,/abs/2203.03979,/abs/2205.13671,/abs/2010.04456,/abs/2302.05104
329,/abs/2307.00036,/abs/2309.12307,/abs/2309.08272,/abs/2311.13133,/abs/2211.15363,/abs/2109.10862,/abs/2208.03564,/abs/2106.14083,/abs/2206.09708,/abs/2012.11936,/abs/2004.14905
330,/abs/2306.00001,/abs/2307.05999,/abs/2311.01057,/abs/2311.07163,/abs/2307.07813,,,,,,
331,/abs/2306.00004,/abs/2211.14585,/abs/2303.04500,/abs/1605.01663,/abs/2212.04355,/abs/1302.5169,/abs/1809.01955,/abs/1808.05444,/abs/1909.13694,/abs/1006.4948,/abs/1002.4264
332,/abs/2306.00005,/abs/2311.13735,/abs/2203.03836,/abs/2211.13813,/abs/2204.10716,/abs/2208.02301,/abs/2211.08429,/abs/2201.02797,/abs/2204.09600,/abs/2305.05627,/abs/2304.10909
333,/abs/2306.00006,/abs/2308.14340,/abs/2307.00755,/abs/2204.01855,/abs/2307.11981,/abs/2304.05055,/abs/1801.05852,/abs/1706.01860,/abs/1601.07996,/abs/1511.04854,
334,/abs/2306.00007,/abs/2305.14982,/abs/2306.07902,/abs/2305.11938,/abs/2110.01176,/abs/2306.04188,/abs/2210.07544,/abs/2209.05301,/abs/2206.02280,/abs/2204.10050,/abs/2303.04851
335,/abs/2306.00008,/abs/2310.14188,,,,,,,,,
336,/abs/2306.00009,/abs/2109.12843,/abs/2102.03787,/abs/2310.05073,/abs/2212.12230,/abs/2303.07797,/abs/2311.11351,/abs/2011.02260,/abs/2101.09459,/abs/2101.06286,/abs/2212.02679
337,/abs/2306.00010,/abs/2311.04592,/abs/2206.00606.abs,/abs/2209.08179,/abs/2111.15651,/abs/2311.14554,/abs/2305.16174,/abs/2308.13816,/abs/2204.08624,/abs/2305.06329,/abs/2306.03406
338,/abs/2306.00011,,,,,,,,,,
339,/abs/2306.00012,/abs/2301.10569,/abs/2303.14483,/abs/2303.14483,/abs/1812.08434,/abs/2209.06520,/abs/2205.13492,/abs/2206.09113,/abs/2306.09381,/abs/2108.10733,/abs/2311.04245
340,/abs/2104.00024,/abs/2303.17968,/abs/2305.11337,/abs/2303.02879,/abs/2204.02411,/abs/2211.06009,,,,,
341,/abs/2104.00029,/abs/1803.10122,/abs/2306.03909,/abs/2310.11042,/abs/2307.15485,/abs/2110.01872,/abs/1508.03113,/abs/1107.0035,/abs/1712.00528,/abs/2201.01233,/abs/2108.06919
342,/abs/2104.00031,/abs/2207.01260,/abs/2201.10355,/abs/2210.07634,/abs/2211.02206,/abs/2201.13096,/abs/2205.03494,/abs/2208.10498,,,
343,/abs/2104.00032,/abs/2109.13004,/abs/2109.13004,/abs/2307.12344,/abs/2306.10898,/abs/2309.09887,/abs/2303.00500,/abs/2311.06786,/abs/2211.12702,/abs/2310.01685,/abs/2301.04011
344,/abs/2104.00034,/abs/2010.07633,/abs/2009.07248,/abs/1801.04801,/abs/2304.12967,/abs/1701.07299,/abs/2105.00882,/abs/2311.06972,/abs/2105.11005,/abs/1605.07574,/abs/1908.05659
345,/abs/2104.00035,/abs/2305.17510,/abs/1512.07108.abs%C3%A3%E2%82%AC%E2%80%9A,/abs/2201.02821,/abs/2201.02711,/abs/1710.09282,/abs/2103.10977,/abs/2302.09019,/abs/2105.14493,/abs/2209.02037,/abs/2309.11048
346,/abs/2104.00038,/abs/2204.08989,/abs/2107.08528,/abs/2110.14019,/abs/2305.03308,,,,,,
347,/abs/2104.00041,/abs/2305.13582,/abs/2212.10551,/abs/2011.05284,/abs/2205.03983,/abs/2303.15265,/abs/2310.15612,/abs/2311.07978,/abs/2112.10668,/abs/2207.04672,/abs/2305.13989
348,/abs/2104.00048,,,,,,,,,,
349,/abs/2104.00053,/abs/2310.16014,/abs/2109.08273,/abs/2303.02073,/abs/2205.14850,/abs/2310.17596,/abs/2212.04708,/abs/2303.10936,/abs/2302.13507,/abs/2102.08686,/abs/2210.08073
350,/abs/2302.00002,/abs/2302.11002,/abs/2309.00774,/abs/2303.15958,/abs/2203.12610,/abs/2304.01309,/abs/2311.14131,/abs/2307.04121,/abs/2204.05077,/abs/2110.04693,/abs/2212.13474
351,/abs/2302.00003,/abs/2301.13310,/abs/2203.08913,/abs/2207.13162,/abs/2307.06435,/abs/2303.18223,/abs/2311.15436,/abs/1901.05123,/abs/2210.01869,/abs/2209.10818,/abs/2306.05120
352,/abs/2302.00004,/abs/2301.13536,/abs/2301.13536,/abs/2210.02620,/abs/2311.09690,/abs/2307.04819,/abs/2211.11629,/abs/2206.12893,/abs/2302.07863,/abs/2105.05152,/abs/2211.00786
353,/abs/2302.00025,/abs/1912.06883,/abs/2302.05906,/abs/2302.05906,/abs/2202.09724,/abs/2302.11944,/abs/2212.04593,/abs/2106.01070,/abs/2202.09724,/abs/2307.03306,/abs/2203.07513
354,/abs/2302.00029,/abs/2303.02134,/abs/2201.01181,/abs/1611.02302,/abs/2308.05768,/abs/2209.07657,/abs/2308.06616,/abs/2211.00198,/abs/2308.03149,/abs/2101.01165,/abs/2301.03315
355,/abs/2302.00032,/abs/2304.08711,,,,,,,,,
356,/abs/2302.00033,/abs/2308.00623,,,,,,,,,
357,/abs/2302.00036,/abs/2112.00684,/abs/2304.08048,/abs/2107.01348,/abs/2305.10504,/abs/2105.13609,/abs/2302.14176,/abs/2106.07329,/abs/2203.09612,/abs/2202.12277,/abs/2303.09528
358,/abs/2302.00037,/abs/2307.03430,/abs/2206.08646,/abs/1808.03555,/abs/2301.09112,/abs/2205.14298,/abs/2207.06358,/abs/2205.14485,/abs/2307.02106,/abs/2202.12342,/abs/2107.04245
359,/abs/2302.00042,/abs/2104.01712,/abs/2302.07100,/abs/2303.05950,/abs/2304.08947,/abs/2310.16132,/abs/2303.16344,/abs/2303.12913,/abs/2202.13260,/abs/2104.03712,/abs/2102.05089
360,/abs/2303.00001,/abs/2310.12931,/abs/2310.12931,/abs/2309.06687,/abs/2310.14092,/abs/2310.14092,/abs/2304.07297,/abs/2306.10985,/abs/2310.12921,/abs/2302.06692,/abs/2309.06687
361,/abs/2303.00002,/abs/2309.13989,/abs/2302.13339,/abs/2303.08358,/abs/2305.12743,/abs/2303.04366,/abs/2308.01634,/abs/2206.09548,/abs/2304.09355,/abs/1610.01206,/abs/2304.00429
362,/abs/2303.00004,/abs/1810.04872,/abs/1610.06151,/abs/2102.07952,/abs/2203.07505,/abs/2306.00366,/abs/2307.13371,/abs/2206.13374,/abs/2210.12547,/abs/2305.16395,/abs/2309.17233
363,/abs/2303.00028,/abs/2109.11808,/abs/2203.01869,/abs/1807.01065,/abs/2106.07125,/abs/1504.02696,/abs/2212.01310,/abs/1305.6292,/abs/2002.04911,/abs/2205.06426,/abs/2111.12604
364,/abs/2303.00031,/abs/2211.03233,/abs/2104.13997,/abs/2302.04712,/abs/2307.15517,/abs/2311.17815,/abs/2306.15552,/abs/2309.01587,/abs/2306.14052,/abs/2209.03807,/abs/2306.15749
365,/abs/2303.00032,/abs/2211.08413,/abs/2301.00912,/abs/2111.07392,/abs/2301.03359,/abs/2310.10549,/abs/2308.02135,/abs/2204.07967,/abs/2305.08604,/abs/2004.08549,/abs/1912.05062
366,/abs/2303.00035,/abs/2310.18861,/abs/2311.02117,/abs/2203.12285,/abs/2110.12946,/abs/2202.00955,/abs/2208.11377,/abs/2101.06917,/abs/2310.16678,/abs/2210.13767,/abs/1902.07138
367,/abs/2303.00039,/abs/2302.11085,/abs/2203.06578,/abs/2103.12828,/abs/2010.09089,/abs/2201.11945,/abs/2007.06965,/abs/2110.08256,/abs/2205.13881,/abs/2206.08686,
368,/abs/2303.00040,/abs/2306.02728,/abs/2309.00661,/abs/2307.00855,/abs/2308.07102,/abs/2310.18926,/abs/2304.02934,/abs/2309.07438,/abs/2303.11717,,
369,/abs/2303.00042,/abs/1905.04531,/abs/2001.07547,/abs/2309.08780,/abs/2006.04271,/abs/2301.00337,/abs/2311.05115,/abs/1706.04189,/abs/1803.02442,/abs/2306.07229,/abs/2303.02898
370,/abs/2101.00001,/abs/1305.1745,/abs/1808.10725,/abs/1402.1986,,,,,,,
371,/abs/2101.00002,/abs/2103.03174,/abs/2302.10779,/abs/2304.12865,/abs/2211.11379,/abs/2305.04933,/abs/2311.03628,/abs/2307.10993,/abs/2011.06225,/abs/2105.05956,/abs/2006.09271
372,/abs/2101.00003,/abs/2203.11079,/abs/1505.06506,/abs/2012.07833,/abs/1804.06168,/abs/1405.4472,/abs/1904.06175,/abs/1910.08571,/abs/2304.14702,/abs/1804.10309,/abs/1304.5388
373,/abs/2101.00007,/abs/2110.00633,,,,,,,,,
374,/abs/2101.00008,/abs/2209.02902,/abs/2204.06273,/abs/2306.06123,/abs/2311.09680,/abs/2211.09317,/abs/2107.01943,/abs/2211.02408,/abs/2109.00202,/abs/2303.01325,/abs/2203.06414
375,/abs/2101.00010,/abs/2206.00192,/abs/2304.05221,/abs/2004.13645,/abs/2306.01879,/abs/2208.04826,/abs/2306.12213,/abs/2212.09689,/abs/2307.02849,/abs/2307.09476,/abs/2207.02522
376,/abs/2101.00012,/abs/2307.08052,/abs/1503.04928,/abs/1707.06387,/abs/2207.08775,/abs/1306.2305,/abs/1806.01637,/abs/1903.07217,/abs/1011.0221,/abs/2307.06580,/abs/2311.07679
377,/abs/2101.00025,/abs/2201.12718,/abs/1508.06782,/abs/2304.14701,/abs/2305.06507,/abs/2204.05689,/abs/0708.3244,/abs/1910.10434,/abs/1602.04193,/abs/1512.03189,/abs/2305.15150
378,/abs/2101.00027,/abs/2201.07311,/abs/2307.06018,/abs/2310.19531,/abs/2304.11389,/abs/2308.04215,/abs/2308.00624,/abs/2305.12987,/abs/2201.07311,/abs/2307.06435,/abs/2311.01149
379,/abs/2101.00029,/abs/2104.05628,/abs/2209.09056,/abs/1701.08511,/abs/2101.07251,/abs/2106.15173,/abs/2103.07578,/abs/2311.04362,/abs/2109.04526,/abs/2302.01478,/abs/2306.04444
380,/abs/2103.00005,/abs/2105.04728,/abs/2105.04728,/abs/1203.1891,/abs/1702.08065,/abs/2209.05316,/abs/2309.07237,/abs/2212.13368,/abs/1702.08065,/abs/1802.03442,/abs/1609.04053
381,/abs/2103.00007,/abs/2104.06225,/abs/2202.11518,/abs/2202.11518,/abs/2202.10522,/abs/2202.13718,/abs/2203.05430,/abs/2104.11272,/abs/2205.04622,/abs/2202.09861,/abs/2003.07395
382,/abs/2103.00020,/abs/2112.13884,/abs/2204.09222,/abs/2307.00028,/abs/2211.10277,/abs/2304.04399,/abs/2204.09222,/abs/2301.07094,/abs/2303.16975,/abs/2306.07952,/abs/2211.01994
383,/abs/2103.00022,/abs/2302.10366,/abs/2305.08782,/abs/2010.14145,/abs/2006.01074,/abs/2302.14417,/abs/1805.08288,/abs/1905.05975,/abs/1312.5892,/abs/2305.11781,/abs/2002.11059
384,/abs/2103.00031,/abs/1805.06267,/abs/2303.05893,/abs/1502.05094,/abs/2010.16385,/abs/2204.00764,/abs/1910.14560,/abs/2109.07541,/abs/1409.7542,/abs/1402.2237,/abs/2105.05085
385,/abs/2103.00032,/abs/2112.05567,/abs/1208.3337,/abs/2310.06320,/abs/2303.00303,/abs/2310.06320,/abs/2208.00758,/abs/2207.13066,/abs/2305.05570,/abs/2007.08927,/abs/1108.1068
386,/abs/2103.00033,/abs/2304.14629,/abs/2208.13068,/abs/2308.03615,/abs/1911.01296,/abs/2110.06508,/abs/2106.00583,,,,
387,/abs/2103.00037,/abs/2202.05185,,,,,,,,,
388,/abs/2103.00039,/abs/2302.01463,/abs/2106.07830.abs%7D,/abs/2301.09112,/abs/2305.18465,/abs/2306.14793,/abs/2301.11989,/abs/2209.12528,/abs/2210.02912,/abs/2310.03447,/abs/2302.14154
389,/abs/2103.00044,/abs/2105.12911,/abs/2203.16343,/abs/2101.11115,/abs/2109.04858,/abs/1807.08416,,,,,
390,/abs/2301.00001,,,,,,,,,,
391,/abs/2301.00002,/abs/2309.00131,/abs/1911.00644,/abs/2210.01679,/abs/1908.04177,,,,,,
392,/abs/2301.00003,/abs/2309.02427,/abs/0903.0735,/abs/1601.00669,/abs/1902.00337,/abs/2305.08112,/abs/2309.06367,/abs/1907.02557,/abs/2310.06775,/vc/arxiv/papers/0912/0912.2479v1.abs,/abs/1403.7151
393,/abs/2301.00005,/abs/1911.10164,/abs/2301.10067,/abs/2203.02298,/abs/2209.08890,/abs/2007.07356,/abs/2205.10316,/abs/2206.06007,/abs/2105.09992,/abs/1912.13263,/abs/2104.07495
394,/abs/2301.00006,/abs/2111.12550,/abs/1809.04017,/abs/2311.18353,/abs/1610.08411,/abs/2306.03288,/abs/2111.00734,/abs/2110.04117,/abs/2307.05943,/abs/2109.12264,
395,/abs/2301.00007,/abs/2309.07716,/abs/2307.08663,/abs/2112.06685,/abs/2009.04083,/abs/2306.02609,/abs/1806.04418,/abs/2001.11846,/abs/1903.08478,/abs/2210.00122,/abs/1704.07312
396,/abs/2301.00008,/abs/2204.08624,/abs/2302.08210,/abs/1808.01462,/abs/2305.05601,/abs/1611.08097,/abs/2202.06749,/abs/2306.03406,/abs/2112.03379,/abs/2206.04041,/abs/2105.04026
397,/abs/2301.00009,/abs/2305.05666,/abs/2302.11066,/abs/2102.04764,/abs/1903.05803,/abs/1901.10500,/abs/2106.08414,/abs/2307.08226,/abs/2303.12785,/abs/1902.00183,/abs/2107.05545
398,/abs/2301.00011,/abs/2011.13704,/abs/2309.13303,/abs/2309.12380,/abs/2311.15156,/abs/2306.06156,/abs/2007.06284,/abs/1705.05458,/abs/2112.05077,/abs/2307.14587,/abs/2209.06158
399,/abs/2301.00012,/abs/2311.05764,,,,,,,,,
400,/abs/2102.00004,/abs/2306.09915,/abs/2306.09920,/abs/2212.10348,/abs/2112.14513,/abs/2311.04258,/abs/2305.08361,/abs/2209.05777,/abs/2308.06668,/abs/2311.02400,/abs/2305.14691
401,/abs/2102.00027,/abs/2306.16577,/abs/2209.08229,/abs/2302.14237,/abs/2308.02529,/abs/2311.04373,/abs/2212.01683,/abs/2102.03643,/abs/2311.05838,/abs/2011.01619,/abs/2104.09869
402,/abs/2102.00029,/abs/1905.07121,/abs/2309.06960,/abs/2301.00364,/abs/2211.13171,/abs/2205.13807,/abs/1910.06296,/abs/1809.04913,/abs/2201.01102,/abs/1912.01667,/abs/2303.04980
403,/abs/2102.00030,/abs/2301.09709,/abs/2210.07338,/abs/2207.14417,/abs/2206.05200,/abs/2011.00583,/abs/1609.07672,/abs/2310.07256,/abs/1903.07993,/abs/2201.03916,/abs/2001.04289
404,/abs/2102.00035,/abs/2307.03863,/abs/2111.07125,/abs/2309.11048,/abs/2104.05217,/abs/2307.07631,/abs/2201.02709,/abs/2301.06727,/abs/2201.02711,,
405,/abs/2102.00036,/abs/2302.04337,/abs/2310.07882,/abs/2306.16143,/abs/2212.05251,/abs/2311.04929,/abs/2110.10234,/abs/2311.06695,/abs/2305.18703,/abs/2305.13657,/abs/2306.01771
406,/abs/2102.00043,/abs/2201.08914,/abs/2205.06373,/abs/2212.12353,/abs/2301.08423,/abs/2305.12454,/abs/2308.07978,/abs/2110.05585,/abs/2111.12931,/abs/2309.06260,/abs/1709.00243
407,/abs/2102.00046,/abs/2103.16709,/abs/2311.02090,/abs/1812.01745,/abs/2201.10909,/abs/2107.13890,/abs/2111.02054,/abs/1708.03832,/abs/1810.02315,/abs/2305.09390,/abs/1912.05682
408,/abs/2102.00047,/abs/2111.10892,/abs/1412.2210,/abs/2310.01799,/abs/2202.04175,/abs/2303.15748,/abs/2212.00422,/abs/2303.02033,/abs/0712.2317,/abs/1907.11711,/abs/2109.13651
409,/abs/2102.00050,/abs/2101.05234,/abs/2107.05745,/abs/2301.03542,/abs/2203.01859,/abs/2101.10357,/abs/1912.10784,/abs/2109.10461,/abs/2302.09579,/abs/2102.05695,/abs/2311.01021
410,/abs/2310.00001,/abs/2311.11905,/abs/2108.03523,/abs/2303.14291,/abs/1901.00121,/abs/2306.14637,/abs/2306.15552,/abs/1910.13367,/abs/2105.09902,/abs/2305.05750,/abs/2212.08540
411,/abs/2310.00003,,,,,,,,,,
412,/abs/2310.00005,/abs/2301.02643,/abs/2103.16106,/abs/2208.01773,/abs/2103.15236,,,,,,
413,/abs/2310.00008,,,,,,,,,,
414,/abs/2310.00009,,,,,,,,,,
415,/abs/2310.00010,,,,,,,,,,
416,/abs/2310.00011,,,,,,,,,,
417,/abs/2310.00012,,,,,,,,,,
418,/abs/2310.00013,,,,,,,,,,
419,/abs/2310.00014,,,,,,,,,,
420,/abs/1911.00025,/abs/2105.08268,/abs/2203.05285,/abs/2302.12826,/abs/2308.02603,/abs/2201.04612,/abs/2206.06758,/abs/2004.08883,/abs/2110.04495,/abs/2209.10485,/abs/2209.09845
421,/abs/1911.00026,/abs/2001.10347,/abs/2311.09927,/abs/2308.05660,/abs/2311.07881,/abs/2206.08968,/abs/2001.04179,/abs/2311.16019,/abs/2104.11456,/abs/2308.14639,/abs/2304.12387
422,/abs/1911.00029,/abs/2208.03431,/abs/2106.14706,/abs/2304.02147,/abs/2103.10455,/abs/2210.06551,/abs/2109.01397,/abs/2010.07367,/abs/2204.03643,/abs/2305.16316,/abs/2002.10322
423,/abs/1911.00030,/abs/2005.08447,/abs/1806.06626,/abs/2208.04994,/abs/1903.09606,/abs/2110.03390,/abs/2111.10202,/abs/2004.03781,/abs/2003.02836,/abs/2107.03748,/abs/1711.05747
424,/abs/1911.00038,/abs/2301.12288,/abs/1804.02149,/abs/1804.02149,/abs/2307.14388,/abs/1905.06361,/abs/2304.12845,/abs/2208.12856,/abs/1911.01402,/abs/2001.02385,/abs/2307.15549
425,/abs/1911.00039,/abs/2311.01181,/abs/2306.00395,/abs/1902.08626,/abs/1908.06849,/abs/2006.00876,/abs/2204.04188,/abs/2112.00143,/abs/2305.01974,/abs/2012.11206,/abs/2305.17377
426,/abs/1911.00044,/abs/2111.02480,/abs/1101.1932,/abs/1003.1940,/abs/2202.05487,/abs/2112.10426,/abs/2311.01317,/abs/2305.10577,/abs/1708.06542,/abs/2008.13703,/abs/2112.10973
427,/abs/1911.00046,/abs/2004.00701,/abs/2004.00701,/abs/2301.09789,/abs/1907.11317,/abs/2304.10369,/abs/2107.07298,/abs/1907.11317,/abs/2109.08896,/abs/2002.02268,/abs/2202.02351
428,/abs/1911.00055,/abs/2209.05815,/abs/2309.03773,/abs/2202.10381,/abs/2212.05767,/abs/2108.06040,/abs/2309.00306,/abs/2302.02601,/abs/2110.08245,/abs/2201.06206,/abs/2308.00081
429,/abs/1911.00061,/abs/2108.04526,/abs/2206.03070,/abs/2007.04074,/abs/2103.01301,/abs/2208.12433,/abs/2007.09256,/abs/2301.04819,/abs/2303.10158,/abs/2012.05390,/abs/1712.06950
430,/abs/1910.00004,/abs/2006.09610,/abs/2207.11761,/abs/2206.12336,/abs/2104.07892,/abs/2204.06127,/abs/1910.00005,/abs/1910.09040,/abs/2104.07886,/abs/2010.03250,/abs/2009.05204
431,/abs/1910.00005,/abs/2004.00216,/abs/2206.12336,/abs/2011.14867,/abs/2112.06244,/abs/2303.00995,/abs/2109.02868,/abs/2105.09111,/abs/2205.10282,/abs/2112.06244,/abs/2008.08617
432,/abs/1910.00032,/abs/2207.05580,/abs/2003.06125,/abs/2211.08352,/abs/1912.04573,/abs/2112.01695,/abs/2307.15958,/abs/1808.00661,/abs/2301.07499,/abs/1903.11412,/abs/2108.00941
433,/abs/1910.00033,/abs/2106.08970,/abs/2105.00164,/abs/2104.03413,/abs/2105.12400,/abs/2306.06209,/abs/2305.10596,/abs/2106.08970,/abs/2104.07395,/abs/2302.13056,/abs/2307.14692
434,/abs/1910.00034,,,,,,,,,,
435,/abs/1910.00043,/abs/2110.01984,/abs/2102.09599,/abs/2301.08811,/abs/2103.10828,/abs/2004.07778,/abs/2211.15366,/abs/2211.17230,/abs/2104.00654,/abs/2108.05000,/abs/2201.10545
436,/abs/1910.00049,/abs/2011.08722,/abs/2306.06236,/abs/1912.01118,/abs/2011.03748,/abs/2306.08815,,,,,
437,/abs/1910.00051,/abs/2306.00124,/abs/2106.04398,/abs/2009.07365,/abs/2306.02302,/abs/2306.09725,/abs/2106.06090,/abs/1907.06142,/abs/2111.03642,/abs/2011.04308,/abs/2012.14854
438,/abs/1910.00053,/abs/2010.01436,/abs/1605.06564,/abs/1902.09277,/abs/2205.14413,/abs/1901.09418,/abs/2206.05885,/abs/1512.07700,/abs/2112.13979,/abs/1608.03649,/abs/2102.02583
439,/abs/1910.00054,/abs/2210.09428,/abs/2211.15672,/abs/2207.00251,/abs/2211.03837,/abs/2303.05073,/abs/2203.13704,/abs/2304.01969,/abs/2211.02695,/abs/2302.04549,/abs/2203.14263
440,/abs/2311.00047,/abs/2311.16093,/abs/2308.16890,/abs/2310.05060,/abs/2110.03105,/abs/2305.17716,/abs/2308.12714,/abs/2311.17963,/abs/2311.01043,/abs/2311.05348,/abs/2303.07103
441,/abs/2311.00048,/abs/2307.02249,/abs/2104.06243,/abs/2211.01256,/abs/2208.08789,/abs/2102.03889,/abs/2206.01136,/abs/2110.06042,/abs/1903.00765,/abs/2304.05482,/abs/1904.07900
442,/abs/2311.00049,/abs/1812.00888,/abs/2111.00215,/abs/2308.05509,/abs/1901.02220,/abs/2012.03016,/abs/2106.08900,/abs/2205.01510,/abs/2308.05509,/abs/2304.05366,/abs/2206.06451
443,/abs/2311.00055,/abs/2105.10056,/abs/2212.11702,/abs/2302.11329,/abs/2303.11183,/abs/2206.15306,/abs/2304.11574,/abs/2310.12790,/abs/2301.08968,/abs/2303.10058,/abs/2107.02378
444,/abs/2311.00056,/abs/2306.00984,/abs/2303.10762,/abs/2311.16122,/abs/2212.05404,/abs/2305.15316,/abs/2305.07644,/abs/2307.08526,/abs/2311.08870,/abs/2306.16064,/abs/2310.03020
445,/abs/2311.00059,/abs/2311.06503,,,,,,,,,
446,/abs/2311.00063,/abs/2305.00561,/abs/2303.05848,/abs/2212.02941,/abs/2304.02075,/abs/2108.01262,/abs/2104.06256,/abs/2203.04524,/abs/2311.16841,/abs/2302.11089,/abs/2203.02816
447,/abs/2311.00066,/abs/1910.03622,/abs/2308.05890,/abs/2306.08111,/abs/2211.07235,/abs/1609.04060,/abs/2212.09289,/abs/2306.01152,/abs/2310.05936,/abs/2306.02289,/abs/2308.08287
448,/abs/2311.00067,/abs/1708.01442,/abs/2310.06564,/abs/2206.13084,/abs/2108.09901,/abs/2207.10840,/abs/2201.03711,/abs/2303.10081,/abs/2306.16042,/abs/2311.00794,/abs/1806.06723
449,/abs/2311.00068,/abs/2306.00003,/abs/1706.08658,/abs/2011.13096,/abs/2308.07717,/abs/1906.10486,/abs/1706.07342,/abs/2208.12881,/abs/2201.12260,/abs/1810.11868,/abs/2203.15269
450,/abs/1912.00005,/abs/2206.02165,/abs/2202.03335,/abs/2211.00147,/abs/2302.04368,/abs/2301.05919,/abs/2009.07635,/abs/2211.10753,/abs/2207.00987,/abs/2112.03622,/abs/2301.07014
451,/abs/1912.00007,,,,,,,,,,
452,/abs/1912.00009,/abs/2109.05539,/abs/1711.02235,,,,,,,,
453,/abs/1912.00010,/abs/1806.07127,/abs/1806.07127,/abs/2009.04259,/abs/1903.03413,/abs/1911.13104,/abs/2105.14882,/abs/2005.04598,/abs/2304.10334,/abs/2204.00576,/abs/2311.12312
454,/abs/1912.00011,/abs/1905.12104,/abs/2007.01795,/abs/1905.04933,/abs/2309.10074,/abs/1905.07173,/abs/2012.02811,/abs/1909.10492,/abs/2305.08970,/abs/2111.07308,/abs/1811.05529
455,/abs/1912.00012,/abs/1404.0570,/abs/1404.0570,/abs/1809.04492,/abs/1805.07518,/abs/1908.05979,/abs/1809.06778,/abs/2201.02496,/abs/2209.11592,/abs/1410.4364,/abs/1404.0816
456,/abs/1912.00019,/abs/2111.02561,/abs/1912.04760,/abs/1910.01770,/abs/2303.15913,/abs/2110.00472,/abs/1511.06510,/abs/2305.14080,/abs/2207.01487,/abs/2212.03189,/abs/2201.01466
457,/abs/1912.00020,/abs/2308.14924,/abs/2306.13333,/abs/2211.14889,/abs/2106.14450,/abs/2309.07438,/abs/2308.03591,/abs/2112.03835,/abs/2109.11672,/abs/2206.12065,/abs/2307.05979
458,/abs/1912.00021,/abs/1905.05046,/abs/1905.05046,/abs/2107.10574,/abs/2003.07574,/abs/2102.13222,/abs/2107.10574v1)%3C%22,/abs/2108.13184,/abs/1911.01124,/abs/2307.16207,/abs/2209.00430
459,/abs/1912.00036,/abs/2203.09375,/abs/2302.03640,/abs/2304.01480,/abs/2302.12251,/abs/2302.13540,/abs/2305.18273,/abs/2006.14660,/abs/2104.00024,/abs/2212.08464,/abs/2309.11133
460,/abs/2109.00020,/abs/1605.01988,/abs/1909.09586,/abs/1810.10161,/abs/1910.05621,/abs/2304.11461,/abs/1802.02615,/abs/1806.06545,/abs/2107.03992,/abs/1808.03314,/abs/2104.07454
461,/abs/2109.00024,/abs/2212.00237,/abs/2212.00237,/abs/2308.11254,/abs/2211.03491,/abs/2308.11254,/abs/2311.13495,/abs/1908.09635,/abs/1803.03428,/abs/2109.09014,/abs/2107.07705
462,/abs/2109.00025,/abs/2305.14070,/abs/2310.12751,/abs/2212.00587,/abs/2107.11414,/abs/2001.07574,/abs/2110.01804,/abs/2302.03353,/abs/2101.10448,/abs/2305.18598,/abs/2208.01018
463,/abs/2109.00031,/abs/2109.05478,/abs/2304.10391,/abs/2210.11106,/abs/2211.05552,/abs/2311.07106,/abs/2310.04694,/abs/2311.07621,/abs/2202.03024,/abs/1911.00472,/abs/2212.00015
464,/abs/2109.00033,/abs/2301.00250,/abs/2212.07098,/abs/1904.04196,/abs/2003.00080,/abs/1903.06473,,,,,
465,/abs/2109.00035,/abs/1409.7587,/abs/1304.1492,/abs/2211.13328,/abs/2204.01855,/abs/1506.06068,/abs/2302.10506,/abs/2306.05955,/abs/1905.12666,/abs/2308.06960,/abs/2302.08671
466,/abs/2109.00042,/abs/1809.10269,/abs/2009.03865,/abs/2007.15362,/abs/2006.06603,/abs/2106.03199,/abs/2210.15069,/abs/2012.08666,/abs/2212.14759,/abs/1510.02771,/abs/2011.00475
467,/abs/2109.00051,/abs/1910.06109,/abs/2305.10369,/abs/2206.04177,/abs/2311.17483,/abs/2311.17483,/abs/2305.10369,/abs/2206.11936,/abs/2301.11129,/abs/2303.11121,/abs/2103.16937
468,/abs/2109.00055,/abs/2111.02844,/abs/2110.08426,/abs/2110.07002,/abs/2311.08552,/abs/2201.06317,/abs/2308.03581,/abs/2304.00989,/abs/2201.05337,/abs/2302.08362,/abs/2306.00458
469,/abs/2109.00058,,,,,,,,,,
470,/abs/2112.00004,,,,,,,,,,
471,/abs/2112.00006,/abs/2103.09846,/abs/2103.09846,/abs/2311.18706,/abs/2207.05285,/abs/2306.00165,/abs/2310.03011,/abs/2008.02418,/abs/2310.20308,/abs/2307.11240,/abs/2210.04042
472,/abs/2112.00007,/abs/2208.14114,/abs/2204.09273,/abs/2304.06818,/abs/2306.11504,/abs/2303.17490,/abs/2309.04509,/abs/2304.08490,/abs/2302.13838,/abs/2204.09273,/abs/2205.05072
473,/abs/2112.00011,/abs/2203.01068,/abs/2302.14835,/abs/2202.00109,/abs/2210.10568,/abs/1510.00098,/abs/1704.02965,/abs/2006.04224,/abs/2307.11921,/abs/2006.04224,/abs/2305.01783
474,/abs/2112.00029,/abs/2304.05511,/abs/2311.15157,/abs/2110.01230,/abs/2303.02331,/abs/2111.00160,/abs/2210.10737,/abs/2304.13276,/abs/2207.04606,/abs/2310.18882,/abs/2311.18735
475,/abs/2112.00038,/abs/2307.07512,/abs/2307.07512,/abs/2306.09873,/abs/2209.15624,/abs/2105.11363,/abs/2301.11342,/abs/2102.05363,/abs/2306.04712,/abs/1711.00851,/abs/2303.07917
476,/abs/2112.00050,/abs/2211.10850,/abs/2004.01643.abs%EF%BC%89%E6%9C%89%E7%A0%94%E7%A9%B6%E8%BF%87%E6%95%B0%E6%8D%AE%E5%A2%9E%E5%B9%BF%E5%9C%A83D%E6%A3%80%E6%B5%8B%E4%B8%AD%E7%9A%84%E5%BA%94%E7%94%A8,/abs/2303.12743,/abs/2007.13373,/abs/2311.10845,/abs/2307.11477,/abs/2212.10230,/abs/2210.13488,/abs/2211.10850,/abs/2304.01519
477,/abs/2112.00053,/abs/1604.04854,/abs/1402.5205,/abs/1206.0396,/abs/2210.17196,/abs/1112.2792,/abs/2303.12876,/abs/2206.05268,/abs/2304.08932,/abs/2211.15217,/abs/2304.05811
478,/abs/2112.00054,/abs/2212.04821,/abs/2303.17590,/abs/2308.06701,,,,,,,
479,/abs/2112.00057,/abs/2204.12115,/abs/1505.01466,/abs/2308.03004,/abs/1903.11787,/abs/2304.04743,/abs/1808.01756,/abs/2109.12239,/abs/2212.13421,/abs/2203.02074,/abs/1812.05775
480,/abs/2108.00003,/abs/1907.09059,/abs/2207.01590,/abs/2212.04645,/abs/2210.06080,/abs/2211.08413,/abs/2010.07036,/abs/2006.08064,,,
481,/abs/2108.00004,/abs/2209.14539,/abs/2110.04463,/abs/2104.03048,/abs/2311.02511,/abs/1809.11091,/abs/2104.08404,/abs/2106.05769,/abs/2002.06618,/abs/2203.01076,/abs/1901.11502
482,/abs/2108.00026,/abs/2302.01733,/abs/2301.11730,/abs/2202.03400,/abs/2305.08680,/abs/2311.07829,/abs/2309.11516,/abs/1912.04977,/abs/2301.09112,/abs/2202.07693,/abs/2306.15134
483,/abs/2108.00033,/abs/2305.07346,/abs/2303.14217,/abs/2305.18997,/abs/2105.01877,/abs/2110.13283,/abs/2105.07937,/abs/1205.4667,/abs/2008.04449,/abs/2305.02474,/abs/1604.00233
484,/abs/2108.00034,/abs/2106.01808,/abs/1905.06922,/abs/2110.15946,/abs/2108.12734,/abs/2301.08164,/abs/2207.11518,/abs/2306.07646,/abs/2303.06992,/abs/2202.06749,/abs/2202.00161
485,/abs/2108.00037,/abs/2211.08064,/abs/2303.10462,/abs/2212.00970,/abs/2305.01653,/abs/2211.00601,/abs/2209.15609,/abs/2010.09694,/abs/2308.04457,/abs/2110.00546,/abs/2211.07377
486,/abs/2108.00045,/abs/2310.04134,/abs/2303.12068,/abs/2305.03277,/abs/2203.01587,/abs/2211.13470,/abs/2209.05700,/abs/2112.03552,/abs/2104.03602,/abs/2207.03824,/abs/2310.06629
487,/abs/2108.00046,/abs/2111.05593,/abs/2307.13253,,,,,,,,
488,/abs/2108.00048,/abs/2302.10351,/abs/2207.09185,/abs/2208.11843,/abs/1906.02691,/abs/2308.06733,/abs/1905.05037,/abs/2204.05397,/abs/2102.04534,/abs/2309.09777,/abs/2107.01034
489,/abs/2108.00049,/abs/2212.02090,/abs/2309.01265,/abs/2112.00319,/abs/2311.06868,/abs/2303.13245,/abs/2310.16073,/abs/2212.04613,/abs/2301.11104,/abs/2207.05340,/abs/2301.00366
490,/abs/2308.00001,,,,,,,,,,
491,/abs/2308.00002,/abs/2311.08398,/abs/2310.15239,/abs/2305.04808,/abs/2305.14824,/abs/2106.04571,/abs/2212.10467,/abs/2303.12860,/abs/2305.05191,/abs/2310.19559,/abs/2302.09715
492,/abs/2308.00004,/abs/2301.12073,/abs/2107.12179,/abs/2309.05088,/abs/2307.05494,/abs/2105.14115,/abs/2311.10741,/abs/1904.02868,/abs/2307.10011,/abs/2310.08687,/abs/2304.03243
493,/abs/2308.00005,/abs/2207.10803,/abs/2002.02368,/abs/2310.16380,/abs/2101.10181,/abs/2302.07589,/abs/1805.03409,/abs/2102.08936,/abs/2308.02805,/abs/2211.05244,/abs/2310.10778
494,/abs/2308.00010,/abs/2302.11824,/abs/2302.11131,/abs/2303.03737,/abs/2303.03732,/abs/2307.12231,/abs/2206.09507,/abs/2212.00369,/abs/2211.02250,/abs/2305.16932,/abs/2202.02884
495,/abs/2308.00013,/abs/2311.14676,/abs/2307.08612,/abs/2305.05751,/abs/1911.11819,/abs/1801.05760,/abs/2205.14611,/abs/2109.10177,/abs/1608.00878,/abs/2112.06552,/abs/1911.03226
496,/abs/2308.00015,/abs/2311.08336,/abs/2311.00968,/abs/1812.01060,/abs/2307.09670,/abs/1804.09808,/abs/2305.17137,/abs/2309.07930,/abs/2210.13944,/abs/1402.0585,/abs/2309.12338
497,/abs/2308.00031,/abs/2308.14328,/abs/2307.15217,/abs/2206.07922,/abs/2311.10242,/abs/2303.13379,/abs/2309.07930,/abs/2310.15177,/abs/2301.04655,/abs/2308.07822,/abs/2201.11197
498,/abs/2308.00052,/abs/1705.00519,/abs/2108.07509,/abs/1902.10793,/abs/2311.08207,/abs/1810.06911,/abs/1904.12439,/abs/2103.06271,/abs/2105.12911,/abs/2302.05402,/abs/2107.02264
499,/abs/2308.00055,/abs/2309.06687,/abs/2310.07393,,,,,,,,
500,/abs/2110.00031,/abs/2206.14358,/abs/2310.14549,/abs/2107.05104,/abs/2212.01705,/abs/2104.01215,/abs/2207.10894,/abs/2310.18089,/abs/2304.11318,/abs/2211.11947,/abs/2305.14663
501,/abs/2110.00035,/abs/2110.00492,/abs/1911.01904,/abs/2202.03648,/abs/2009.12275,/abs/1412.3788,/abs/2202.01032,/abs/1908.07568,/abs/2306.07518,/abs/2307.11301,/abs/2103.15968
502,/abs/2110.00044,/abs/2212.11201,/abs/2109.13338,/abs/2302.09120,/abs/2310.04266,/abs/2308.05893,/abs/2306.15968,/abs/2304.08280,/abs/2310.06903,/abs/2108.06161,/abs/2302.02921
503,/abs/2110.00046,/abs/2207.04949,/abs/2204.05169,/abs/2203.15176,/abs/2309.04762,/abs/2301.06916,/abs/2203.12886,,,,
504,/abs/2110.00054,,,,,,,,,,
505,/abs/2110.00058,,,,,,,,,,
506,/abs/2110.00060,,,,,,,,,,
507,/abs/2110.00061,,,,,,,,,,
508,/abs/2110.00062,,,,,,,,,,
509,/abs/2110.00064,,,,,,,,,,
510,/abs/2111.00002,/abs/2111.01872,/abs/2111.11850,/abs/2203.09578,/abs/2208.07341,/abs/2310.02651,/abs/2303.08457,/abs/2306.15414,/abs/2304.06179,/abs/2310.12928,/abs/2302.01377.abs
511,/abs/2111.00003,/abs/2111.00005,/abs/2111.00005,/abs/2010.06980,/abs/2010.02628,/abs/1912.02278,/abs/2301.01837,/abs/2212.06472,/abs/1311.6093,/abs/1407.3360,/abs/2004.12532
512,/abs/2111.00004,/abs/2212.07796,/abs/2301.12221,/abs/1304.3118,/abs/2306.03717,/abs/2208.10609,/abs/2211.03808,/abs/1403.4131,/abs/2212.01007,/abs/1803.01567,/abs/2311.01921
513,/abs/2111.00005,/abs/2111.00003,/abs/2107.04781,/abs/2102.12723,/abs/2111.00004,/abs/1811.01144,/abs/2108.11474,/abs/1810.04774,/abs/2205.02464,/abs/1703.02819,/abs/0905.4713
514,/abs/2111.00006,/abs/2308.00458,/abs/2210.01908,/abs/2303.17127,/abs/2306.04502,/abs/2106.06420,/abs/2307.02712,/abs/2303.17132,/abs/2210.08806,/abs/2203.08543,/abs/2204.05494
515,/abs/2111.00007,/abs/2305.14828,/abs/2101.01404,/abs/2307.00119,/abs/2209.07863,/abs/2303.06571,/abs/2309.17313,/abs/2301.11990,/abs/2304.00424,/abs/2209.11486,/abs/2110.03909
516,/abs/2111.00008,/abs/2206.01451,/abs/2201.11727,/abs/2206.01451,/abs/2303.08003,/abs/2207.03444,/abs/2301.06644,/abs/2111.01872,/abs/2306.07427,/abs/2302.02452,/abs/2208.11385
517,/abs/2111.00010,/abs/2303.02445,/abs/2305.00771,/abs/2307.05358,/abs/2109.00889,/abs/2211.08914,/abs/2304.06931,/abs/2203.00190,/abs/2108.09412,/abs/2207.10727,/abs/2110.07829
518,/abs/2111.00035,/abs/2310.14206,/abs/2305.19798,/abs/2311.13541,/abs/2210.10340,/abs/2209.12816,/abs/2210.07661,/abs/2305.09028,/abs/2307.10156,/abs/2305.04749,/abs/2210.14469
519,/abs/2111.00038,/abs/2309.10858,/abs/2006.10214,/abs/2006.10214,/abs/2207.03112,/abs/2310.14919,/abs/1704.07296,/abs/2311.04373,/abs/2211.07090,/abs/2207.02729,/abs/2211.07090
520,/abs/2309.00005,/abs/1808.10072,/abs/2311.08955,/abs/2307.03423,/abs/1411.4005,/abs/1809.00764,/abs/2203.16952,/abs/2107.02701,/abs/2304.05961,/abs/2311.04442,/abs/1904.10674
521,/abs/2309.00007,/abs/2309.0007,/abs/2103.03438,/abs/1803.05123,/abs/2310.00633,/abs/2010.06855,/abs/2203.06414,,,,
522,/abs/2309.00008,/abs/2205.12900,/abs/2204.13650,/abs/2302.02936,/abs/2302.13861,/abs/2306.06076,/abs/1812.02274,/abs/2305.15759,/abs/2305.10662,/abs/2310.04528,/abs/2305.05900
523,/abs/2309.00013,/abs/2209.07807,/abs/2108.00401,/abs/2311.12999,/abs/2209.06300,/abs/1911.02621,/abs/2310.19218,/abs/2306.03558,/abs/2303.06302,/abs/2206.08451,/abs/1903.00553
524,/abs/2309.00014,/abs/2305.04296,/abs/2310.00874,/abs/2304.03188,,,,,,,
525,/abs/2309.00017,/abs/2211.04324,/abs/2303.05665,/abs/2210.03234,/abs/2210.06679,/abs/2302.11089,/abs/2110.00910,/abs/2104.09204,/abs/1901.06637,/abs/2212.06015,/abs/2306.15838
526,/abs/2309.00018,/abs/2303.10523,/abs/2002.03754,/abs/2310.09912,/abs/2208.02089,/abs/2303.10523,/abs/2307.06913,/abs/1903.06581,/abs/2310.08071,/abs/2311.12092,/abs/2206.13872
527,/abs/2309.00022,/abs/2311.16851,/abs/2202.11330,/abs/2212.04645,/abs/2306.01404,/abs/2109.06440,/abs/2302.00514,/abs/2102.01875,/abs/2103.15750,/abs/2311.17471,/abs/2204.03326
528,/abs/2309.00023,/abs/2112.06511,/abs/2305.04106,/abs/2305.04106,/abs/2304.10857,/abs/2302.01766,/abs/2311.11293,/abs/2302.03482,/abs/2304.12067,/abs/2305.13332,/abs/2310.16226
529,/abs/2309.00024,/abs/2110.11842,/abs/2210.12778,/abs/2307.03476,/abs/2010.09323,/abs/2105.04880,/abs/2212.08665,/abs/2204.08247,/abs/2209.10838,/abs/2308.16541,/abs/2208.02998
530,/abs/1908.00003,/abs/2009.02057,/abs/2308.06140,/abs/2203.13320,/abs/2203.13316,/abs/2212.11277,/abs/2101.00132,/abs/1902.04397,/abs/2109.02472,/abs/2201.11085,/abs/1602.00739
531,/abs/1908.00024,/abs/2202.03954,/abs/2011.08436,/abs/2110.07288,/abs/2108.08236,/abs/2208.13848,/abs/2304.05106,/abs/2103.14107,/abs/2211.00385,/abs/2108.09640,/abs/2301.10893
532,/abs/1908.00031,/abs/1907.02526,/abs/2103.02703,/abs/2009.00768,/abs/2305.16753,/abs/2103.02421,/abs/2208.02778,/abs/2310.01122,/abs/2209.05745,/abs/1409.6554,/abs/1806.00812
533,/abs/1908.00041,/abs/1907.13339,/abs/2107.03717,/abs/2005.03598,,,,,,,
534,/abs/1908.00045,/abs/2305.19259,/abs/1806.10077,/abs/2305.19259,/abs/2303.07160,/abs/2104.09342,/abs/2103.07079,/abs/2303.07160,/abs/2205.03914,/abs/2110.10342,/abs/1510.08560
535,/abs/1908.00047,/abs/2108.06165,/abs/2108.06165,/abs/1706.02430,/abs/1606.07770,/abs/2303.13040,/abs/1804.03803,/abs/2106.01424,/abs/2106.01424,/abs/2203.03195,/abs/1908.02726
536,/abs/1908.00052,/abs/2204.04730,/abs/1907.13123,/abs/1907.13123,/abs/2211.07195,/abs/1909.02533,/abs/2001.10090,/abs/1904.11960,,,
537,/abs/1908.00056,,,,,,,,,,
538,/abs/1908.00059,,,,,,,,,,
539,/abs/1908.00061,,,,,,,,,,
540,/abs/1909.00015,/abs/2104.07358,/abs/2209.15176,/abs/2209.15176,/abs/2303.11950,/abs/2210.05832,/abs/2203.12476,/abs/2305.18382,/abs/2310.07096,/abs/2210.15541,/abs/2112.14479
541,/abs/1909.00016,/abs/2306.02576,/abs/2210.16120,/abs/2310.04246,/abs/2212.00453,/abs/2101.09678,/abs/2302.14562,/abs/2211.00308,/abs/2301.13409,/abs/2311.02420,/abs/2308.03715
542,/abs/1909.00021,/abs/1801.01078,/abs/1510.04781,/abs/1807.10857,/abs/2110.00346,/abs/2309.03830,/abs/2005.05037,/abs/1908.07062,/abs/1705.04378,/abs/2204.13154,/abs/1611.01576
543,/abs/1909.00025,/abs/2109.10781,/abs/2203.02711,/abs/2303.17768,/abs/2304.01552,/abs/2307.16424,/abs/2110.11309,/abs/2110.03909,/abs/2212.14094,/abs/2008.08882,/abs/2010.04466
544,/abs/1909.00031,/abs/2110.06536,/abs/2102.07024,/abs/2102.06755,/abs/2303.10475,/abs/2205.00584,/abs/2305.10783,/abs/2208.09554,/abs/2311.10751,/abs/2304.08354,/abs/2308.10792
545,/abs/1909.00032,/abs/1810.03956,/abs/2212.04048,/abs/2310.13157,/abs/2204.08154,/abs/1712.03084,/abs/1802.07866,/abs/2203.07858,/abs/2208.10211,/abs/2307.09157,/abs/2311.18392
546,/abs/1909.00040,/abs/2101.12640,/abs/2106.15115,/abs/2107.04239,/abs/2105.07476,/abs/2201.08070,/abs/2310.15262,/abs/2304.00557,/abs/2205.12649,/abs/2106.00745v1)%3C%22,/abs/2212.09686
547,/abs/1909.00043,,,,,,,,,,
548,/abs/1909.00045,/abs/1911.04104,/abs/1909.08997,/abs/1901.09374,/abs/1706.01606,/abs/2204.12492,/abs/2107.11685,/abs/1302.4010,/abs/1604.04667,/abs/1903.05359,/abs/2008.03343
549,/abs/1909.00047,/abs/1910.10453,/abs/2009.06459,/abs/1911.03654,/abs/2104.00352,/abs/2207.10226,/abs/2009.06459,/abs/2206.02604,/abs/2304.06551,/abs/2008.02608,/abs/2201.08270
550,/abs/2208.00001,/abs/2311.03537,,,,,,,,,
551,/abs/2208.00002,,,,,,,,,,
552,/abs/2208.00003,/abs/2212.05727,/abs/2311.00947,/abs/1808.07903,/abs/2209.09174,/abs/2206.06757,/abs/2301.00628,/abs/2108.10619,/abs/2303.15110,/abs/2302.04810,
553,/abs/2208.00005,/abs/2210.01936,/abs/2311.04287,/abs/2212.10015,/abs/2304.14573,/abs/2305.15808,/abs/2310.08753,/abs/2307.09233,/abs/2306.08877,/abs/2311.17952,/abs/2303.16105
554,/abs/2208.00029,/abs/1508.06395,/abs/2105.01417,/abs/1901.09863,/abs/2105.01417,/abs/2105.01958,/abs/2105.07120,/abs/1508.06395,/abs/2304.00391,/abs/1908.11825,/abs/2305.07751
555,/abs/2208.00031,/abs/2205.11108,/abs/2309.05818,/abs/2106.10698,/abs/2303.08556,/abs/2311.12088,/abs/2106.07770,/abs/2212.12322,/abs/2305.12418,/abs/2110.02846,/abs/2011.13265
556,/abs/2208.00033,,,,,,,,,,
557,/abs/2208.00036,/abs/2204.11246,/abs/2103.12122,/abs/2311.02090,/abs/2110.08137,/abs/2109.03000,/abs/2308.07846,/abs/2211.02357,/abs/2101.02303,/abs/2310.08691,/abs/2012.06855
558,/abs/2208.00037,/abs/2207.08475,/abs/2208.00510,/abs/2208.01406,/abs/2302.00033,/abs/2208.02002,/abs/2208.03302,/abs/2307.15709,/abs/1907.10201,/abs/2305.16365,/abs/2308.09438
559,/abs/2208.00042,/abs/2206.00375,,,,,,,,,
560,/abs/2209.00005,/abs/2302.12248,/abs/2304.12210,/abs/2307.01488,/abs/2306.10125,/abs/2307.07791,/abs/2211.01796,/abs/2205.05173,/abs/2210.06433,/abs/2302.10260,/abs/2303.17142
561,/abs/2209.00042,/abs/2301.13245,/abs/2311.10563,/abs/2305.10577,/abs/2201.10923,/abs/2207.02136,/abs/2203.00671,/abs/2201.10372,/abs/2310.05784,/abs/2211.09659,/abs/2304.05279
562,/abs/2209.00062,/abs/2304.11295,/abs/2210.15449,/abs/2308.05634,/abs/2107.00932,/abs/2303.16574,/abs/2207.09646,/abs/2203.11878,/abs/2307.14788,/abs/2306.03083,/abs/2208.01582
563,/abs/2209.00065,/abs/2308.07092,/abs/2304.08799,/abs/2305.06437,/abs/2112.10082,/abs/2007.07053,/abs/2306.10518,/abs/1905.01680,/abs/2206.08010,/abs/2103.08882,/abs/2109.07431
564,/abs/2209.00068,/abs/2305.18703,/abs/2210.16433,/abs/2203.03047,/abs/2311.13627,/abs/2311.14722,/abs/2308.01399,/abs/2304.03347,/abs/2307.08941,/abs/2306.11732,/abs/2211.03044
565,/abs/2209.00076,/abs/2107.05515,/abs/2103.11469,/abs/2011.06555,/abs/2203.16654,/abs/1905.04444,/abs/1712.09440,/abs/2012.03854,/abs/1512.06141,/abs/1006.3868,
566,/abs/2209.00078,/abs/2010.04592,/abs/2308.14893,/abs/2107.01886,/abs/2304.02971,/abs/2107.01886,/abs/2010.04592,/abs/2210.10626,/abs/2010.01028,/abs/2203.03838,/abs/2304.02971
567,/abs/2209.00080,,,,,,,,,,
568,/abs/2209.00081,/abs/2104.14001,/abs/2303.10081,/abs/2311.00822,/abs/2305.01222,/abs/2204.09386,/abs/2307.02564,/abs/2212.00598,/abs/2204.09386,/abs/2304.11550,/abs/2206.07811
569,/abs/2209.00082,/abs/2212.08067,/abs/2306.16142,,,,,,,,
570,/abs/2009.00001,/abs/2110.01758,/abs/2306.15401,/abs/2306.01492,/abs/2203.16794,/abs/2304.05634,/abs/2305.02572,/abs/2311.11892,/abs/2103.09666,/abs/2306.08657,/abs/2306.02845
571,/abs/2009.00035,/abs/2304.00277,/abs/2303.06049,/abs/2305.14928,/abs/2305.15004,/abs/1712.08522,/abs/2008.12477,/abs/2304.01331,/abs/2204.06192,/abs/1008.2798,/abs/2212.03471
572,/abs/2009.00041,/abs/1906.08452,/abs/2209.08333,/abs/2305.01974,/abs/2011.08442,/abs/2305.10437,/abs/2009.12509,/abs/2205.02764,,,
573,/abs/2009.00050,,,,,,,,,,
574,/abs/2009.00059,,,,,,,,,,
575,/abs/2009.00061,,,,,,,,,,
576,/abs/2009.00067,,,,,,,,,,
577,/abs/2009.00068,,,,,,,,,,
578,/abs/2009.00072,,,,,,,,,,
579,/abs/2009.00081,,,,,,,,,,
580,/abs/2008.00002,/abs/2107.08203,/abs/2304.14886,/abs/1712.04301,/abs/2104.05677,/abs/2105.14066,/abs/2305.12751,/abs/2009.10282,/abs/2205.11740,/abs/2112.08936,
581,/abs/2008.00016,/abs/1407.7250,/abs/2109.13928,/abs/2306.10043,/abs/2307.10222,/abs/2305.17474,/abs/2112.05876,/abs/2106.13612,/abs/2303.01459,/abs/1212.2833,/abs/1812.09302
582,/abs/2008.00017,/abs/1802.03110,/abs/2207.00295,/abs/1707.01879,/abs/2202.12049,/abs/2002.03488,/abs/1903.05362,/abs/1811.12476,/abs/1610.01953,/abs/2211.11523,/abs/2210.13547
583,/abs/2008.00018,/abs/1901.08030,/abs/2311.04517,/abs/2208.13616,/abs/2201.12041,/abs/2203.00854,/abs/2009.14467,/abs/1208.2680,/abs/1805.11312,/abs/2306.12754,/abs/2007.08383
584,/abs/2008.00021,,,,,,,,,,
585,/abs/2008.00023,/abs/2203.04159,/abs/2101.01279,/abs/2203.04159,/abs/2203.02544,/abs/2204.02362,/abs/2208.04213,/abs/1710.00267,/abs/1609.01967,/abs/2307.11305,/abs/2209.04640
586,/abs/2008.00025,/abs/2304.11438,/abs/2106.05767,/abs/2306.08055,/abs/2303.00690,/abs/2010.09889,/abs/2303.10720,/abs/2304.11127,/abs/2002.11770,/abs/2307.11004,/abs/2306.07179
587,/abs/2008.00030,/abs/2104.11706,/abs/2112.13941,/abs/2307.08840,/abs/2108.11623,/abs/2305.15755,/abs/2104.11706v1)%3C%22,/abs/1706.03241,/abs/2202.04193,/abs/2212.08126,/abs/2310.13230
588,/abs/2008.00032,/abs/2311.10777,/abs/2304.05368,/abs/2109.08794,/abs/2212.06041,/abs/2203.06935,/abs/1810.03031,/abs/2310.18345,/abs/2207.00816,/abs/2008.10282,/abs/2111.05645
589,/abs/2008.00036,/abs/2212.05056,/abs/2303.03697,/abs/2305.13242,/abs/2308.01284,/abs/2206.13829,/abs/2310.14724,/abs/2310.08240,/abs/2311.18054,/abs/2306.04723,/abs/2303.07205
